CaseID,Activity,repository_entry,attribute_filter_type,attribute,attributes,use_except_expression,value_type,use_value_type_exception,except_value_type,block_type,use_block_type_exception,except_block_type,invert_selection,include_special_attributes,attribute_name,target_role,return_preprocessing_model,create_view,default,parameter_expression,condition_class,invert_filter,filters_logic_and,filters_check_metadata,split_on_batch_attribute,leave_one_out,number_of_folds,sampling_type,use_local_random_seed,local_random_seed,enable_parallel_execution,criterion,maximal_depth,apply_pruning,confidence,apply_prepruning,minimal_gain,minimal_leaf_size,minimal_size_for_split,number_of_prepruning_alternatives,use_example_weights,coding_type,use_comparison_groups,unexpected_value_handling,use_underscore_in_name,feature_selection,alpha,max_iterations,forward_alpha,backward_alpha,eliminate_colinear_features,min_tolerance,use_bias,ridge,solver,reproducible,maximum_number_of_threads,use_regularization,lambda_search,number_of_lambdas,lambda_min_ratio,early_stopping,stopping_rounds,stopping_tolerance,standardize,non-negative_coefficients,compute_p-values,remove_collinear_columns,add_intercept,missing_values_handling,max_runtime_seconds,training_cycles,learning_rate,momentum,decay,shuffle,normalize,error_epsilon,number_of_trees,guess_subset_ratio,subset_ratio,voting_strategy,kernel_type,kernel_gamma,kernel_sigma1,kernel_sigma2,kernel_sigma3,kernel_shift,kernel_degree,kernel_a,kernel_b,kernel_cache,C,convergence_epsilon,scale,calculate_weights,return_optimization_performance,L_pos,L_neg,epsilon,epsilon_plus,epsilon_minus,balance_cost,quadratic_loss_pos,quadratic_loss_neg,estimate_performance
0,Retrieve,"//Local Repository/data/Titanic+Data",,,,,,,,,,,,,,,,,,,,,,,,,,,,,,,,,,,,,,,,,,,,,,,,,,,,,,,,,,,,,,,,,,,,,,,,,,,,,,,,,,,,,,,,,,,,,,,,,,,,,,,,
0,"Data Preparation",,,,,,,,,,,,,,,,,,,,,,,,,,,,,,,,,,,,,,,,,,,,,,,,,,,,,,,,,,,,,,,,,,,,,,,,,,,,,,,,,,,,,,,,,,,,,,,,,,,,,,,,,
0,"Select Attributes",,subset,,"Age|Survived|Sex|Port of Embarkation|Passenger Far",false,attribute_value,false,time,attribute_block,false,value_matrix_row_start,false,false,,,,,,,,,,,,,,,,,,,,,,,,,,,,,,,,,,,,,,,,,,,,,,,,,,,,,,,,,,,,,,,,,,,,,,,,,,,,,,,,,,,,,,,,,,,,
0,"Set Role",,,,,,,,,,,,,,Name,id,,,,,,,,,,,,,,,,,,,,,,,,,,,,,,,,,,,,,,,,,,,,,,,,,,,,,,,,,,,,,,,,,,,,,,,,,,,,,,,,,,,,,,,,,,
0,"Replace Missing Values",,single,Age,,false,attribute_value,false,time,attribute_block,false,value_matrix_row_start,false,false,,,false,false,average,,,,,,,,,,,,,,,,,,,,,,,,,,,,,,,,,,,,,,,,,,,,,,,,,,,,,,,,,,,,,,,,,,,,,,,,,,,,,,,,,,,,,,,
0,"Filter Examples",,,,,,,,,,,,,,,,,,,,custom_filters,false,true,true,,,,,,,,,,,,,,,,,,,,,,,,,,,,,,,,,,,,,,,,,,,,,,,,,,,,,,,,,,,,,,,,,,,,,,,,,,,,,,,,,,
0,"Cross Validation",,,,,,,,,,,,,,,,,,,,,,,,false,false,10,automatic,false,1992,true,,,,,,,,,,,,,,,,,,,,,,,,,,,,,,,,,,,,,,,,,,,,,,,,,,,,,,,,,,,,,,,,,,,,,,,,,,,
0,"Decision Tree",,,,,,,,,,,,,,,,,,,,,,,,,,,,,,,gain_ratio,20,true,0.25,true,0.1,2,4,3,,,,,,,,,,,,,,,,,,,,,,,,,,,,,,,,,,,,,,,,,,,,,,,,,,,,,,,,,,,,,,,,,,
0,"Apply Model",,,,,,,,,,,,,,,,,false,,,,,,,,,,,,,,,,,,,,,,,,,,,,,,,,,,,,,,,,,,,,,,,,,,,,,,,,,,,,,,,,,,,,,,,,,,,,,,,,,,,,,,,,
0,Performance,,,,,,,,,,,,,,,,,,,,,,,,,,,,,,,,,,,,,,,,true,,,,,,,,,,,,,,,,,,,,,,,,,,,,,,,,,,,,,,,,,,,,,,,,,,,,,,,,,,,,,,,,,
1,"Retrieve Titanic+Data","//Local Repository/data/Titanic+Data",,,,,,,,,,,,,,,,,,,,,,,,,,,,,,,,,,,,,,,,,,,,,,,,,,,,,,,,,,,,,,,,,,,,,,,,,,,,,,,,,,,,,,,,,,,,,,,,,,,,,,,,
1,"Select Attributes",,subset,,"Age|No of Parents or Children on Board|Passenger C",false,attribute_value,false,time,attribute_block,false,value_matrix_row_start,false,false,,,,,,,,,,,,,,,,,,,,,,,,,,,,,,,,,,,,,,,,,,,,,,,,,,,,,,,,,,,,,,,,,,,,,,,,,,,,,,,,,,,,,,,,,,,,
1,"Set Role",,,,,,,,,,,,,,Survived,label,,,,,,,,,,,,,,,,,,,,,,,,,,,,,,,,,,,,,,,,,,,,,,,,,,,,,,,,,,,,,,,,,,,,,,,,,,,,,,,,,,,,,,,,,,
1,"Decision Tree",,,,,,,,,,,,,,,,,,,,,,,,,,,,,,,information_gain,20,true,0.25,true,0.1,2,4,3,,,,,,,,,,,,,,,,,,,,,,,,,,,,,,,,,,,,,,,,,,,,,,,,,,,,,,,,,,,,,,,,,,
2,"Retrieve Titanic+Data","//Local Repository/data/Titanic+Data",,,,,,,,,,,,,,,,,,,,,,,,,,,,,,,,,,,,,,,,,,,,,,,,,,,,,,,,,,,,,,,,,,,,,,,,,,,,,,,,,,,,,,,,,,,,,,,,,,,,,,,,
2,"Select Attributes",,subset,,"Age|No of Parents or Children on Board|Passenger C",false,attribute_value,false,time,attribute_block,false,value_matrix_row_start,false,false,,,,,,,,,,,,,,,,,,,,,,,,,,,,,,,,,,,,,,,,,,,,,,,,,,,,,,,,,,,,,,,,,,,,,,,,,,,,,,,,,,,,,,,,,,,,
2,"Set Role",,,,,,,,,,,,,,Survived,label,,,,,,,,,,,,,,,,,,,,,,,,,,,,,,,,,,,,,,,,,,,,,,,,,,,,,,,,,,,,,,,,,,,,,,,,,,,,,,,,,,,,,,,,,,
2,"Replace Missing Values",,all,,,false,attribute_value,false,time,attribute_block,false,value_matrix_row_start,false,false,,,false,false,average,,,,,,,,,,,,,,,,,,,,,,,,,,,,,,,,,,,,,,,,,,,,,,,,,,,,,,,,,,,,,,,,,,,,,,,,,,,,,,,,,,,,,,,
2,"Decision Tree",,,,,,,,,,,,,,,,,,,,,,,,,,,,,,,information_gain,10,true,0.25,false,0.1,2,4,3,,,,,,,,,,,,,,,,,,,,,,,,,,,,,,,,,,,,,,,,,,,,,,,,,,,,,,,,,,,,,,,,,,
3,"Retrieve Titanic+Data","//Local Repository/data/Titanic+Data",,,,,,,,,,,,,,,,,,,,,,,,,,,,,,,,,,,,,,,,,,,,,,,,,,,,,,,,,,,,,,,,,,,,,,,,,,,,,,,,,,,,,,,,,,,,,,,,,,,,,,,,
3,"Set Role",,,,,,,,,,,,,,Survived,label,,,,,,,,,,,,,,,,,,,,,,,,,,,,,,,,,,,,,,,,,,,,,,,,,,,,,,,,,,,,,,,,,,,,,,,,,,,,,,,,,,,,,,,,,,
3,"Replace Missing Values",,all,,,false,attribute_value,false,time,attribute_block,false,value_matrix_row_start,false,false,,,false,false,average,,,,,,,,,,,,,,,,,,,,,,,,,,,,,,,,,,,,,,,,,,,,,,,,,,,,,,,,,,,,,,,,,,,,,,,,,,,,,,,,,,,,,,,
3,"Decision Tree",,,,,,,,,,,,,,,,,,,,,,,,,,,,,,,gini_index,10,false,0.25,true,0.1,2,4,3,,,,,,,,,,,,,,,,,,,,,,,,,,,,,,,,,,,,,,,,,,,,,,,,,,,,,,,,,,,,,,,,,,
4,"Retrieve Titanic+Data","//Local Repository/data/Titanic+Data",,,,,,,,,,,,,,,,,,,,,,,,,,,,,,,,,,,,,,,,,,,,,,,,,,,,,,,,,,,,,,,,,,,,,,,,,,,,,,,,,,,,,,,,,,,,,,,,,,,,,,,,
4,"Set Role",,,,,,,,,,,,,,Survived,label,,,,,,,,,,,,,,,,,,,,,,,,,,,,,,,,,,,,,,,,,,,,,,,,,,,,,,,,,,,,,,,,,,,,,,,,,,,,,,,,,,,,,,,,,,
4,"Decision Tree",,,,,,,,,,,,,,,,,,,,,,,,,,,,,,,gain_ratio,20,true,0.25,true,0.1,2,4,3,,,,,,,,,,,,,,,,,,,,,,,,,,,,,,,,,,,,,,,,,,,,,,,,,,,,,,,,,,,,,,,,,,
5,Retrieve,"//Local Repository/data/Titanic+Data",,,,,,,,,,,,,,,,,,,,,,,,,,,,,,,,,,,,,,,,,,,,,,,,,,,,,,,,,,,,,,,,,,,,,,,,,,,,,,,,,,,,,,,,,,,,,,,,,,,,,,,,
5,"Data Preparation",,,,,,,,,,,,,,,,,,,,,,,,,,,,,,,,,,,,,,,,,,,,,,,,,,,,,,,,,,,,,,,,,,,,,,,,,,,,,,,,,,,,,,,,,,,,,,,,,,,,,,,,,
5,"Select Attributes",,subset,,"Age|Survived|Sex|Port of Embarkation|Passenger Far",false,attribute_value,false,time,attribute_block,false,value_matrix_row_start,false,false,,,,,,,,,,,,,,,,,,,,,,,,,,,,,,,,,,,,,,,,,,,,,,,,,,,,,,,,,,,,,,,,,,,,,,,,,,,,,,,,,,,,,,,,,,,,
5,"Set Role",,,,,,,,,,,,,,Name,id,,,,,,,,,,,,,,,,,,,,,,,,,,,,,,,,,,,,,,,,,,,,,,,,,,,,,,,,,,,,,,,,,,,,,,,,,,,,,,,,,,,,,,,,,,
5,"Replace Missing Values",,single,Age,,false,attribute_value,false,time,attribute_block,false,value_matrix_row_start,false,false,,,false,false,average,,,,,,,,,,,,,,,,,,,,,,,,,,,,,,,,,,,,,,,,,,,,,,,,,,,,,,,,,,,,,,,,,,,,,,,,,,,,,,,,,,,,,,,
5,"Filter Examples",,,,,,,,,,,,,,,,,,,,custom_filters,false,true,true,,,,,,,,,,,,,,,,,,,,,,,,,,,,,,,,,,,,,,,,,,,,,,,,,,,,,,,,,,,,,,,,,,,,,,,,,,,,,,,,,,
5,"Nominal to Numerical",,all,,,false,nominal,false,file_path,single_value,false,single_value,false,false,,,false,false,,,,,,,,,,,,,,,,,,,,,,,,"dummy coding",false,"all 0 and warning",false,,,,,,,,,,,,,,,,,,,,,,,,,,,,,,,,,,,,,,,,,,,,,,,,,,,,,,,,,,,,,
5,"Cross Validation",,,,,,,,,,,,,,,,,,,,,,,,false,false,10,automatic,false,1992,true,,,,,,,,,,,,,,,,,,,,,,,,,,,,,,,,,,,,,,,,,,,,,,,,,,,,,,,,,,,,,,,,,,,,,,,,,,,
5,"Linear Regression",,,,,,,,,,,,,,,,,,,,,,,,,,,,,,,,,,,,,,,,,,,,,"M5 prime",0.05,10,0.05,0.05,true,0.05,true,1.0E-8,,,,,,,,,,,,,,,,,,,,,,,,,,,,,,,,,,,,,,,,,,,,,,,,,,,,
5,"Apply Model",,,,,,,,,,,,,,,,,false,,,,,,,,,,,,,,,,,,,,,,,,,,,,,,,,,,,,,,,,,,,,,,,,,,,,,,,,,,,,,,,,,,,,,,,,,,,,,,,,,,,,,,,,
5,Performance,,,,,,,,,,,,,,,,,,,,,,,,,,,,,,,,,,,,,,,,true,,,,,,,,,,,,,,,,,,,,,,,,,,,,,,,,,,,,,,,,,,,,,,,,,,,,,,,,,,,,,,,,,
6,Retrieve,"//Local Repository/data/Titanic+Data",,,,,,,,,,,,,,,,,,,,,,,,,,,,,,,,,,,,,,,,,,,,,,,,,,,,,,,,,,,,,,,,,,,,,,,,,,,,,,,,,,,,,,,,,,,,,,,,,,,,,,,,
6,"Data Preparation",,,,,,,,,,,,,,,,,,,,,,,,,,,,,,,,,,,,,,,,,,,,,,,,,,,,,,,,,,,,,,,,,,,,,,,,,,,,,,,,,,,,,,,,,,,,,,,,,,,,,,,,,
6,"Select Attributes",,subset,,"Age|Survived|Sex|Port of Embarkation|Passenger Far",false,attribute_value,false,time,attribute_block,false,value_matrix_row_start,false,false,,,,,,,,,,,,,,,,,,,,,,,,,,,,,,,,,,,,,,,,,,,,,,,,,,,,,,,,,,,,,,,,,,,,,,,,,,,,,,,,,,,,,,,,,,,,
6,"Set Role",,,,,,,,,,,,,,Name,id,,,,,,,,,,,,,,,,,,,,,,,,,,,,,,,,,,,,,,,,,,,,,,,,,,,,,,,,,,,,,,,,,,,,,,,,,,,,,,,,,,,,,,,,,,
6,"Replace Missing Values",,single,Age,,false,attribute_value,false,time,attribute_block,false,value_matrix_row_start,false,false,,,false,false,average,,,,,,,,,,,,,,,,,,,,,,,,,,,,,,,,,,,,,,,,,,,,,,,,,,,,,,,,,,,,,,,,,,,,,,,,,,,,,,,,,,,,,,,
6,"Filter Examples",,,,,,,,,,,,,,,,,,,,custom_filters,false,true,true,,,,,,,,,,,,,,,,,,,,,,,,,,,,,,,,,,,,,,,,,,,,,,,,,,,,,,,,,,,,,,,,,,,,,,,,,,,,,,,,,,
6,"Cross Validation",,,,,,,,,,,,,,,,,,,,,,,,false,false,10,automatic,false,1992,true,,,,,,,,,,,,,,,,,,,,,,,,,,,,,,,,,,,,,,,,,,,,,,,,,,,,,,,,,,,,,,,,,,,,,,,,,,,
6,"Logistic Regression",,,,,,,,,,,,,,,,,,,,,,,,,,,,,,,,,,,,,,,,,,,,,,,0,,,,,,,AUTO,false,4,false,false,0,0.0,true,3,0.001,true,false,true,true,true,MeanImputation,0,,,,,,,,,,,,,,,,,,,,,,,,,,,,,,,,,,,
6,"Apply Model",,,,,,,,,,,,,,,,,false,,,,,,,,,,,,,,,,,,,,,,,,,,,,,,,,,,,,,,,,,,,,,,,,,,,,,,,,,,,,,,,,,,,,,,,,,,,,,,,,,,,,,,,,
6,Performance,,,,,,,,,,,,,,,,,,,,,,,,,,,,,,,,,,,,,,,,true,,,,,,,,,,,,,,,,,,,,,,,,,,,,,,,,,,,,,,,,,,,,,,,,,,,,,,,,,,,,,,,,,
7,Retrieve,"//Local Repository/data/Titanic+Data",,,,,,,,,,,,,,,,,,,,,,,,,,,,,,,,,,,,,,,,,,,,,,,,,,,,,,,,,,,,,,,,,,,,,,,,,,,,,,,,,,,,,,,,,,,,,,,,,,,,,,,,
7,"Data Preparation",,,,,,,,,,,,,,,,,,,,,,,,,,,,,,,,,,,,,,,,,,,,,,,,,,,,,,,,,,,,,,,,,,,,,,,,,,,,,,,,,,,,,,,,,,,,,,,,,,,,,,,,,
7,"Select Attributes",,subset,,"Age|Survived|Sex|Port of Embarkation|Passenger Far",false,attribute_value,false,time,attribute_block,false,value_matrix_row_start,false,false,,,,,,,,,,,,,,,,,,,,,,,,,,,,,,,,,,,,,,,,,,,,,,,,,,,,,,,,,,,,,,,,,,,,,,,,,,,,,,,,,,,,,,,,,,,,
7,"Set Role",,,,,,,,,,,,,,Name,id,,,,,,,,,,,,,,,,,,,,,,,,,,,,,,,,,,,,,,,,,,,,,,,,,,,,,,,,,,,,,,,,,,,,,,,,,,,,,,,,,,,,,,,,,,
7,"Replace Missing Values",,single,Age,,false,attribute_value,false,time,attribute_block,false,value_matrix_row_start,false,false,,,false,false,average,,,,,,,,,,,,,,,,,,,,,,,,,,,,,,,,,,,,,,,,,,,,,,,,,,,,,,,,,,,,,,,,,,,,,,,,,,,,,,,,,,,,,,,
7,"Filter Examples",,,,,,,,,,,,,,,,,,,,custom_filters,false,true,true,,,,,,,,,,,,,,,,,,,,,,,,,,,,,,,,,,,,,,,,,,,,,,,,,,,,,,,,,,,,,,,,,,,,,,,,,,,,,,,,,,
7,"Cross Validation",,,,,,,,,,,,,,,,,,,,,,,,false,false,10,automatic,false,1992,true,,,,,,,,,,,,,,,,,,,,,,,,,,,,,,,,,,,,,,,,,,,,,,,,,,,,,,,,,,,,,,,,,,,,,,,,,,,
7,"Decision Tree",,,,,,,,,,,,,,,,,,,,,,,,,,,,,,,gain_ratio,20,true,0.25,true,0.1,2,4,3,,,,,,,,,,,,,,,,,,,,,,,,,,,,,,,,,,,,,,,,,,,,,,,,,,,,,,,,,,,,,,,,,,
7,"Apply Model",,,,,,,,,,,,,,,,,false,,,,,,,,,,,,,,,,,,,,,,,,,,,,,,,,,,,,,,,,,,,,,,,,,,,,,,,,,,,,,,,,,,,,,,,,,,,,,,,,,,,,,,,,
7,Performance,,,,,,,,,,,,,,,,,,,,,,,,,,,,,,,,,,,,,,,,true,,,,,,,,,,,,,,,,,,,,,,,,,,,,,,,,,,,,,,,,,,,,,,,,,,,,,,,,,,,,,,,,,
8,Retrieve,"//Local Repository/data/Titanic+Data",,,,,,,,,,,,,,,,,,,,,,,,,,,,,,,,,,,,,,,,,,,,,,,,,,,,,,,,,,,,,,,,,,,,,,,,,,,,,,,,,,,,,,,,,,,,,,,,,,,,,,,,
8,"Data Preparation",,,,,,,,,,,,,,,,,,,,,,,,,,,,,,,,,,,,,,,,,,,,,,,,,,,,,,,,,,,,,,,,,,,,,,,,,,,,,,,,,,,,,,,,,,,,,,,,,,,,,,,,,
8,"Select Attributes",,subset,,"Age|Survived|Sex|Port of Embarkation|Passenger Far",false,attribute_value,false,time,attribute_block,false,value_matrix_row_start,false,false,,,,,,,,,,,,,,,,,,,,,,,,,,,,,,,,,,,,,,,,,,,,,,,,,,,,,,,,,,,,,,,,,,,,,,,,,,,,,,,,,,,,,,,,,,,,
8,"Set Role",,,,,,,,,,,,,,Name,id,,,,,,,,,,,,,,,,,,,,,,,,,,,,,,,,,,,,,,,,,,,,,,,,,,,,,,,,,,,,,,,,,,,,,,,,,,,,,,,,,,,,,,,,,,
8,"Replace Missing Values",,single,Age,,false,attribute_value,false,time,attribute_block,false,value_matrix_row_start,false,false,,,false,false,average,,,,,,,,,,,,,,,,,,,,,,,,,,,,,,,,,,,,,,,,,,,,,,,,,,,,,,,,,,,,,,,,,,,,,,,,,,,,,,,,,,,,,,,
8,"Filter Examples",,,,,,,,,,,,,,,,,,,,custom_filters,false,true,true,,,,,,,,,,,,,,,,,,,,,,,,,,,,,,,,,,,,,,,,,,,,,,,,,,,,,,,,,,,,,,,,,,,,,,,,,,,,,,,,,,
8,"Cross Validation",,,,,,,,,,,,,,,,,,,,,,,,false,false,10,automatic,false,1992,true,,,,,,,,,,,,,,,,,,,,,,,,,,,,,,,,,,,,,,,,,,,,,,,,,,,,,,,,,,,,,,,,,,,,,,,,,,,
8,"Decision Tree",,,,,,,,,,,,,,,,,,,,,,,,,,,,,,,gain_ratio,20,true,0.25,true,0.1,2,4,3,,,,,,,,,,,,,,,,,,,,,,,,,,,,,,,,,,,,,,,,,,,,,,,,,,,,,,,,,,,,,,,,,,
8,"Apply Model",,,,,,,,,,,,,,,,,false,,,,,,,,,,,,,,,,,,,,,,,,,,,,,,,,,,,,,,,,,,,,,,,,,,,,,,,,,,,,,,,,,,,,,,,,,,,,,,,,,,,,,,,,
8,Performance,,,,,,,,,,,,,,,,,,,,,,,,,,,,,,,,,,,,,,,,true,,,,,,,,,,,,,,,,,,,,,,,,,,,,,,,,,,,,,,,,,,,,,,,,,,,,,,,,,,,,,,,,,
9,"Retrieve Titanic+Data","//Local Repository/data/Titanic+Data",,,,,,,,,,,,,,,,,,,,,,,,,,,,,,,,,,,,,,,,,,,,,,,,,,,,,,,,,,,,,,,,,,,,,,,,,,,,,,,,,,,,,,,,,,,,,,,,,,,,,,,,
9,"Set Role",,,,,,,,,,,,,,Survived,label,,,,,,,,,,,,,,,,,,,,,,,,,,,,,,,,,,,,,,,,,,,,,,,,,,,,,,,,,,,,,,,,,,,,,,,,,,,,,,,,,,,,,,,,,,
9,"Decision Tree",,,,,,,,,,,,,,,,,,,,,,,,,,,,,,,gain_ratio,20,true,0.25,true,0.1,2,4,3,,,,,,,,,,,,,,,,,,,,,,,,,,,,,,,,,,,,,,,,,,,,,,,,,,,,,,,,,,,,,,,,,,
10,Retrieve,"//Local Repository/data/Titanic+Data",,,,,,,,,,,,,,,,,,,,,,,,,,,,,,,,,,,,,,,,,,,,,,,,,,,,,,,,,,,,,,,,,,,,,,,,,,,,,,,,,,,,,,,,,,,,,,,,,,,,,,,,
10,"Data Preparation",,,,,,,,,,,,,,,,,,,,,,,,,,,,,,,,,,,,,,,,,,,,,,,,,,,,,,,,,,,,,,,,,,,,,,,,,,,,,,,,,,,,,,,,,,,,,,,,,,,,,,,,,
10,"Select Attributes",,subset,,"Age|Survived|Sex|Port of Embarkation|Passenger Far",false,attribute_value,false,time,attribute_block,false,value_matrix_row_start,false,false,,,,,,,,,,,,,,,,,,,,,,,,,,,,,,,,,,,,,,,,,,,,,,,,,,,,,,,,,,,,,,,,,,,,,,,,,,,,,,,,,,,,,,,,,,,,
10,"Set Role",,,,,,,,,,,,,,Name,id,,,,,,,,,,,,,,,,,,,,,,,,,,,,,,,,,,,,,,,,,,,,,,,,,,,,,,,,,,,,,,,,,,,,,,,,,,,,,,,,,,,,,,,,,,
10,"Replace Missing Values",,single,Age,,false,attribute_value,false,time,attribute_block,false,value_matrix_row_start,false,false,,,false,false,average,,,,,,,,,,,,,,,,,,,,,,,,,,,,,,,,,,,,,,,,,,,,,,,,,,,,,,,,,,,,,,,,,,,,,,,,,,,,,,,,,,,,,,,
10,"Filter Examples",,,,,,,,,,,,,,,,,,,,custom_filters,false,true,true,,,,,,,,,,,,,,,,,,,,,,,,,,,,,,,,,,,,,,,,,,,,,,,,,,,,,,,,,,,,,,,,,,,,,,,,,,,,,,,,,,
10,"Cross Validation",,,,,,,,,,,,,,,,,,,,,,,,false,false,10,automatic,false,1992,true,,,,,,,,,,,,,,,,,,,,,,,,,,,,,,,,,,,,,,,,,,,,,,,,,,,,,,,,,,,,,,,,,,,,,,,,,,,
10,"Decision Tree",,,,,,,,,,,,,,,,,,,,,,,,,,,,,,,gain_ratio,20,true,0.25,true,0.1,2,4,3,,,,,,,,,,,,,,,,,,,,,,,,,,,,,,,,,,,,,,,,,,,,,,,,,,,,,,,,,,,,,,,,,,
10,"Apply Model",,,,,,,,,,,,,,,,,false,,,,,,,,,,,,,,,,,,,,,,,,,,,,,,,,,,,,,,,,,,,,,,,,,,,,,,,,,,,,,,,,,,,,,,,,,,,,,,,,,,,,,,,,
10,Performance,,,,,,,,,,,,,,,,,,,,,,,,,,,,,,,,,,,,,,,,true,,,,,,,,,,,,,,,,,,,,,,,,,,,,,,,,,,,,,,,,,,,,,,,,,,,,,,,,,,,,,,,,,
11,"Retrieve Titanic+Data","//Local Repository/data/Titanic+Data",,,,,,,,,,,,,,,,,,,,,,,,,,,,,,,,,,,,,,,,,,,,,,,,,,,,,,,,,,,,,,,,,,,,,,,,,,,,,,,,,,,,,,,,,,,,,,,,,,,,,,,,
11,"Select Attributes",,subset,,"Age|No of Parents or Children on Board|Passenger C",false,attribute_value,false,time,attribute_block,false,value_matrix_row_start,false,false,,,,,,,,,,,,,,,,,,,,,,,,,,,,,,,,,,,,,,,,,,,,,,,,,,,,,,,,,,,,,,,,,,,,,,,,,,,,,,,,,,,,,,,,,,,,
11,"Set Role",,,,,,,,,,,,,,Survived,label,,,,,,,,,,,,,,,,,,,,,,,,,,,,,,,,,,,,,,,,,,,,,,,,,,,,,,,,,,,,,,,,,,,,,,,,,,,,,,,,,,,,,,,,,,
11,"Decision Tree",,,,,,,,,,,,,,,,,,,,,,,,,,,,,,,information_gain,20,true,0.25,true,0.1,2,4,3,,,,,,,,,,,,,,,,,,,,,,,,,,,,,,,,,,,,,,,,,,,,,,,,,,,,,,,,,,,,,,,,,,
12,"Retrieve Titanic+Data","//Local Repository/data/Titanic+Data",,,,,,,,,,,,,,,,,,,,,,,,,,,,,,,,,,,,,,,,,,,,,,,,,,,,,,,,,,,,,,,,,,,,,,,,,,,,,,,,,,,,,,,,,,,,,,,,,,,,,,,,
12,"Select Attributes",,subset,,"Age|No of Parents or Children on Board|Passenger C",false,attribute_value,false,time,attribute_block,false,value_matrix_row_start,false,false,,,,,,,,,,,,,,,,,,,,,,,,,,,,,,,,,,,,,,,,,,,,,,,,,,,,,,,,,,,,,,,,,,,,,,,,,,,,,,,,,,,,,,,,,,,,
12,"Set Role",,,,,,,,,,,,,,Survived,label,,,,,,,,,,,,,,,,,,,,,,,,,,,,,,,,,,,,,,,,,,,,,,,,,,,,,,,,,,,,,,,,,,,,,,,,,,,,,,,,,,,,,,,,,,
12,"Replace Missing Values",,all,,,false,attribute_value,false,time,attribute_block,false,value_matrix_row_start,false,false,,,false,false,average,,,,,,,,,,,,,,,,,,,,,,,,,,,,,,,,,,,,,,,,,,,,,,,,,,,,,,,,,,,,,,,,,,,,,,,,,,,,,,,,,,,,,,,
12,"Decision Tree",,,,,,,,,,,,,,,,,,,,,,,,,,,,,,,information_gain,10,true,0.25,false,0.1,2,4,3,,,,,,,,,,,,,,,,,,,,,,,,,,,,,,,,,,,,,,,,,,,,,,,,,,,,,,,,,,,,,,,,,,
13,"Retrieve Titanic+Data","//Local Repository/data/Titanic+Data",,,,,,,,,,,,,,,,,,,,,,,,,,,,,,,,,,,,,,,,,,,,,,,,,,,,,,,,,,,,,,,,,,,,,,,,,,,,,,,,,,,,,,,,,,,,,,,,,,,,,,,,
13,"Set Role",,,,,,,,,,,,,,Survived,label,,,,,,,,,,,,,,,,,,,,,,,,,,,,,,,,,,,,,,,,,,,,,,,,,,,,,,,,,,,,,,,,,,,,,,,,,,,,,,,,,,,,,,,,,,
13,"Replace Missing Values",,all,,,false,attribute_value,false,time,attribute_block,false,value_matrix_row_start,false,false,,,false,false,average,,,,,,,,,,,,,,,,,,,,,,,,,,,,,,,,,,,,,,,,,,,,,,,,,,,,,,,,,,,,,,,,,,,,,,,,,,,,,,,,,,,,,,,
13,"Decision Tree",,,,,,,,,,,,,,,,,,,,,,,,,,,,,,,gini_index,10,false,0.25,true,0.1,2,4,3,,,,,,,,,,,,,,,,,,,,,,,,,,,,,,,,,,,,,,,,,,,,,,,,,,,,,,,,,,,,,,,,,,
14,Retrieve,"//Local Repository/data/Titanic+Data",,,,,,,,,,,,,,,,,,,,,,,,,,,,,,,,,,,,,,,,,,,,,,,,,,,,,,,,,,,,,,,,,,,,,,,,,,,,,,,,,,,,,,,,,,,,,,,,,,,,,,,,
14,"Data Preparation",,,,,,,,,,,,,,,,,,,,,,,,,,,,,,,,,,,,,,,,,,,,,,,,,,,,,,,,,,,,,,,,,,,,,,,,,,,,,,,,,,,,,,,,,,,,,,,,,,,,,,,,,
14,"Select Attributes",,subset,,"Age|Survived|Sex|Port of Embarkation|Passenger Far",false,attribute_value,false,time,attribute_block,false,value_matrix_row_start,false,false,,,,,,,,,,,,,,,,,,,,,,,,,,,,,,,,,,,,,,,,,,,,,,,,,,,,,,,,,,,,,,,,,,,,,,,,,,,,,,,,,,,,,,,,,,,,
14,"Set Role",,,,,,,,,,,,,,Name,id,,,,,,,,,,,,,,,,,,,,,,,,,,,,,,,,,,,,,,,,,,,,,,,,,,,,,,,,,,,,,,,,,,,,,,,,,,,,,,,,,,,,,,,,,,
14,"Replace Missing Values",,single,Age,,false,attribute_value,false,time,attribute_block,false,value_matrix_row_start,false,false,,,false,false,average,,,,,,,,,,,,,,,,,,,,,,,,,,,,,,,,,,,,,,,,,,,,,,,,,,,,,,,,,,,,,,,,,,,,,,,,,,,,,,,,,,,,,,,
14,"Filter Examples",,,,,,,,,,,,,,,,,,,,custom_filters,false,true,true,,,,,,,,,,,,,,,,,,,,,,,,,,,,,,,,,,,,,,,,,,,,,,,,,,,,,,,,,,,,,,,,,,,,,,,,,,,,,,,,,,
14,"Cross Validation",,,,,,,,,,,,,,,,,,,,,,,,false,false,10,automatic,false,1992,true,,,,,,,,,,,,,,,,,,,,,,,,,,,,,,,,,,,,,,,,,,,,,,,,,,,,,,,,,,,,,,,,,,,,,,,,,,,
14,"Decision Tree",,,,,,,,,,,,,,,,,,,,,,,,,,,,,,,gain_ratio,20,true,0.25,true,0.1,2,4,3,,,,,,,,,,,,,,,,,,,,,,,,,,,,,,,,,,,,,,,,,,,,,,,,,,,,,,,,,,,,,,,,,,
14,"Apply Model",,,,,,,,,,,,,,,,,false,,,,,,,,,,,,,,,,,,,,,,,,,,,,,,,,,,,,,,,,,,,,,,,,,,,,,,,,,,,,,,,,,,,,,,,,,,,,,,,,,,,,,,,,
14,Performance,,,,,,,,,,,,,,,,,,,,,,,,,,,,,,,,,,,,,,,,true,,,,,,,,,,,,,,,,,,,,,,,,,,,,,,,,,,,,,,,,,,,,,,,,,,,,,,,,,,,,,,,,,
15,Retrieve,"//Local Repository/data/Titanic+Data",,,,,,,,,,,,,,,,,,,,,,,,,,,,,,,,,,,,,,,,,,,,,,,,,,,,,,,,,,,,,,,,,,,,,,,,,,,,,,,,,,,,,,,,,,,,,,,,,,,,,,,,
15,"Data Preparation",,,,,,,,,,,,,,,,,,,,,,,,,,,,,,,,,,,,,,,,,,,,,,,,,,,,,,,,,,,,,,,,,,,,,,,,,,,,,,,,,,,,,,,,,,,,,,,,,,,,,,,,,
15,"Select Attributes",,subset,,"Age|Survived|Sex|Port of Embarkation|Passenger Far",false,attribute_value,false,time,attribute_block,false,value_matrix_row_start,false,false,,,,,,,,,,,,,,,,,,,,,,,,,,,,,,,,,,,,,,,,,,,,,,,,,,,,,,,,,,,,,,,,,,,,,,,,,,,,,,,,,,,,,,,,,,,,
15,"Set Role",,,,,,,,,,,,,,Name,id,,,,,,,,,,,,,,,,,,,,,,,,,,,,,,,,,,,,,,,,,,,,,,,,,,,,,,,,,,,,,,,,,,,,,,,,,,,,,,,,,,,,,,,,,,
15,"Replace Missing Values",,single,Age,,false,attribute_value,false,time,attribute_block,false,value_matrix_row_start,false,false,,,false,false,average,,,,,,,,,,,,,,,,,,,,,,,,,,,,,,,,,,,,,,,,,,,,,,,,,,,,,,,,,,,,,,,,,,,,,,,,,,,,,,,,,,,,,,,
15,"Filter Examples",,,,,,,,,,,,,,,,,,,,custom_filters,false,true,true,,,,,,,,,,,,,,,,,,,,,,,,,,,,,,,,,,,,,,,,,,,,,,,,,,,,,,,,,,,,,,,,,,,,,,,,,,,,,,,,,,
15,"Cross Validation",,,,,,,,,,,,,,,,,,,,,,,,false,false,10,automatic,false,1992,true,,,,,,,,,,,,,,,,,,,,,,,,,,,,,,,,,,,,,,,,,,,,,,,,,,,,,,,,,,,,,,,,,,,,,,,,,,,
15,"Decision Tree",,,,,,,,,,,,,,,,,,,,,,,,,,,,,,,gain_ratio,20,true,0.25,true,0.1,2,4,3,,,,,,,,,,,,,,,,,,,,,,,,,,,,,,,,,,,,,,,,,,,,,,,,,,,,,,,,,,,,,,,,,,
15,"Apply Model",,,,,,,,,,,,,,,,,false,,,,,,,,,,,,,,,,,,,,,,,,,,,,,,,,,,,,,,,,,,,,,,,,,,,,,,,,,,,,,,,,,,,,,,,,,,,,,,,,,,,,,,,,
15,Performance,,,,,,,,,,,,,,,,,,,,,,,,,,,,,,,,,,,,,,,,true,,,,,,,,,,,,,,,,,,,,,,,,,,,,,,,,,,,,,,,,,,,,,,,,,,,,,,,,,,,,,,,,,
16,"Retrieve Titanic+Data","//Local Repository/data/Titanic+Data",,,,,,,,,,,,,,,,,,,,,,,,,,,,,,,,,,,,,,,,,,,,,,,,,,,,,,,,,,,,,,,,,,,,,,,,,,,,,,,,,,,,,,,,,,,,,,,,,,,,,,,,
16,"Select Attributes",,subset,,"Age|No of Parents or Children on Board|Passenger C",false,attribute_value,false,time,attribute_block,false,value_matrix_row_start,false,false,,,,,,,,,,,,,,,,,,,,,,,,,,,,,,,,,,,,,,,,,,,,,,,,,,,,,,,,,,,,,,,,,,,,,,,,,,,,,,,,,,,,,,,,,,,,
16,"Set Role",,,,,,,,,,,,,,Survived,label,,,,,,,,,,,,,,,,,,,,,,,,,,,,,,,,,,,,,,,,,,,,,,,,,,,,,,,,,,,,,,,,,,,,,,,,,,,,,,,,,,,,,,,,,,
16,"Decision Tree",,,,,,,,,,,,,,,,,,,,,,,,,,,,,,,information_gain,20,true,0.25,true,0.1,2,4,3,,,,,,,,,,,,,,,,,,,,,,,,,,,,,,,,,,,,,,,,,,,,,,,,,,,,,,,,,,,,,,,,,,
17,"Retrieve Titanic+Data","//Local Repository/data/Titanic+Data",,,,,,,,,,,,,,,,,,,,,,,,,,,,,,,,,,,,,,,,,,,,,,,,,,,,,,,,,,,,,,,,,,,,,,,,,,,,,,,,,,,,,,,,,,,,,,,,,,,,,,,,
17,"Set Role",,,,,,,,,,,,,,Survived,label,,,,,,,,,,,,,,,,,,,,,,,,,,,,,,,,,,,,,,,,,,,,,,,,,,,,,,,,,,,,,,,,,,,,,,,,,,,,,,,,,,,,,,,,,,
17,"Replace Missing Values",,all,,,false,attribute_value,false,time,attribute_block,false,value_matrix_row_start,false,false,,,false,false,average,,,,,,,,,,,,,,,,,,,,,,,,,,,,,,,,,,,,,,,,,,,,,,,,,,,,,,,,,,,,,,,,,,,,,,,,,,,,,,,,,,,,,,,
17,"Decision Tree",,,,,,,,,,,,,,,,,,,,,,,,,,,,,,,gini_index,10,false,0.25,true,0.1,2,4,3,,,,,,,,,,,,,,,,,,,,,,,,,,,,,,,,,,,,,,,,,,,,,,,,,,,,,,,,,,,,,,,,,,
18,"Retrieve Titanic+Data","//Local Repository/data/Titanic+Data",,,,,,,,,,,,,,,,,,,,,,,,,,,,,,,,,,,,,,,,,,,,,,,,,,,,,,,,,,,,,,,,,,,,,,,,,,,,,,,,,,,,,,,,,,,,,,,,,,,,,,,,
18,"Select Attributes",,subset,,"Age|No of Parents or Children on Board|Passenger C",false,attribute_value,false,time,attribute_block,false,value_matrix_row_start,false,false,,,,,,,,,,,,,,,,,,,,,,,,,,,,,,,,,,,,,,,,,,,,,,,,,,,,,,,,,,,,,,,,,,,,,,,,,,,,,,,,,,,,,,,,,,,,
18,"Set Role",,,,,,,,,,,,,,Survived,label,,,,,,,,,,,,,,,,,,,,,,,,,,,,,,,,,,,,,,,,,,,,,,,,,,,,,,,,,,,,,,,,,,,,,,,,,,,,,,,,,,,,,,,,,,
18,"Replace Missing Values",,all,,,false,attribute_value,false,time,attribute_block,false,value_matrix_row_start,false,false,,,false,false,average,,,,,,,,,,,,,,,,,,,,,,,,,,,,,,,,,,,,,,,,,,,,,,,,,,,,,,,,,,,,,,,,,,,,,,,,,,,,,,,,,,,,,,,
18,"Decision Tree",,,,,,,,,,,,,,,,,,,,,,,,,,,,,,,information_gain,10,true,0.25,false,0.1,2,4,3,,,,,,,,,,,,,,,,,,,,,,,,,,,,,,,,,,,,,,,,,,,,,,,,,,,,,,,,,,,,,,,,,,
19,"Retrieve Titanic+Data","//Local Repository/data/Titanic+Data",,,,,,,,,,,,,,,,,,,,,,,,,,,,,,,,,,,,,,,,,,,,,,,,,,,,,,,,,,,,,,,,,,,,,,,,,,,,,,,,,,,,,,,,,,,,,,,,,,,,,,,,
19,"Set Role",,,,,,,,,,,,,,Survived,label,,,,,,,,,,,,,,,,,,,,,,,,,,,,,,,,,,,,,,,,,,,,,,,,,,,,,,,,,,,,,,,,,,,,,,,,,,,,,,,,,,,,,,,,,,
19,"Replace Missing Values",,all,,,false,attribute_value,false,time,attribute_block,false,value_matrix_row_start,false,false,,,false,false,average,,,,,,,,,,,,,,,,,,,,,,,,,,,,,,,,,,,,,,,,,,,,,,,,,,,,,,,,,,,,,,,,,,,,,,,,,,,,,,,,,,,,,,,
19,"Decision Tree",,,,,,,,,,,,,,,,,,,,,,,,,,,,,,,gini_index,10,false,0.25,true,0.1,2,4,3,,,,,,,,,,,,,,,,,,,,,,,,,,,,,,,,,,,,,,,,,,,,,,,,,,,,,,,,,,,,,,,,,,
20,"Retrieve Titanic+Data","//Local Repository/data/Titanic+Data",,,,,,,,,,,,,,,,,,,,,,,,,,,,,,,,,,,,,,,,,,,,,,,,,,,,,,,,,,,,,,,,,,,,,,,,,,,,,,,,,,,,,,,,,,,,,,,,,,,,,,,,
20,"Select Attributes",,subset,,"Age|No of Parents or Children on Board|Passenger C",false,attribute_value,false,time,attribute_block,false,value_matrix_row_start,false,false,,,,,,,,,,,,,,,,,,,,,,,,,,,,,,,,,,,,,,,,,,,,,,,,,,,,,,,,,,,,,,,,,,,,,,,,,,,,,,,,,,,,,,,,,,,,
20,"Set Role",,,,,,,,,,,,,,Survived,label,,,,,,,,,,,,,,,,,,,,,,,,,,,,,,,,,,,,,,,,,,,,,,,,,,,,,,,,,,,,,,,,,,,,,,,,,,,,,,,,,,,,,,,,,,
20,"Decision Tree",,,,,,,,,,,,,,,,,,,,,,,,,,,,,,,information_gain,20,true,0.25,true,0.1,2,4,3,,,,,,,,,,,,,,,,,,,,,,,,,,,,,,,,,,,,,,,,,,,,,,,,,,,,,,,,,,,,,,,,,,
21,Retrieve,"//Local Repository/data/Titanic+Data",,,,,,,,,,,,,,,,,,,,,,,,,,,,,,,,,,,,,,,,,,,,,,,,,,,,,,,,,,,,,,,,,,,,,,,,,,,,,,,,,,,,,,,,,,,,,,,,,,,,,,,,
21,"Data Preparation",,,,,,,,,,,,,,,,,,,,,,,,,,,,,,,,,,,,,,,,,,,,,,,,,,,,,,,,,,,,,,,,,,,,,,,,,,,,,,,,,,,,,,,,,,,,,,,,,,,,,,,,,
21,"Select Attributes",,subset,,"Age|Survived|Sex|Port of Embarkation|Passenger Far",false,attribute_value,false,time,attribute_block,false,value_matrix_row_start,false,false,,,,,,,,,,,,,,,,,,,,,,,,,,,,,,,,,,,,,,,,,,,,,,,,,,,,,,,,,,,,,,,,,,,,,,,,,,,,,,,,,,,,,,,,,,,,
21,"Set Role",,,,,,,,,,,,,,Name,id,,,,,,,,,,,,,,,,,,,,,,,,,,,,,,,,,,,,,,,,,,,,,,,,,,,,,,,,,,,,,,,,,,,,,,,,,,,,,,,,,,,,,,,,,,
21,"Replace Missing Values",,single,Age,,false,attribute_value,false,time,attribute_block,false,value_matrix_row_start,false,false,,,false,false,average,,,,,,,,,,,,,,,,,,,,,,,,,,,,,,,,,,,,,,,,,,,,,,,,,,,,,,,,,,,,,,,,,,,,,,,,,,,,,,,,,,,,,,,
21,"Filter Examples",,,,,,,,,,,,,,,,,,,,custom_filters,false,true,true,,,,,,,,,,,,,,,,,,,,,,,,,,,,,,,,,,,,,,,,,,,,,,,,,,,,,,,,,,,,,,,,,,,,,,,,,,,,,,,,,,
21,"Cross Validation",,,,,,,,,,,,,,,,,,,,,,,,false,false,10,automatic,false,1992,true,,,,,,,,,,,,,,,,,,,,,,,,,,,,,,,,,,,,,,,,,,,,,,,,,,,,,,,,,,,,,,,,,,,,,,,,,,,
21,"Decision Tree",,,,,,,,,,,,,,,,,,,,,,,,,,,,,,,gain_ratio,20,true,0.25,true,0.1,2,4,3,,,,,,,,,,,,,,,,,,,,,,,,,,,,,,,,,,,,,,,,,,,,,,,,,,,,,,,,,,,,,,,,,,
21,"Apply Model",,,,,,,,,,,,,,,,,false,,,,,,,,,,,,,,,,,,,,,,,,,,,,,,,,,,,,,,,,,,,,,,,,,,,,,,,,,,,,,,,,,,,,,,,,,,,,,,,,,,,,,,,,
21,Performance,,,,,,,,,,,,,,,,,,,,,,,,,,,,,,,,,,,,,,,,true,,,,,,,,,,,,,,,,,,,,,,,,,,,,,,,,,,,,,,,,,,,,,,,,,,,,,,,,,,,,,,,,,
22,Retrieve,"//Local Repository/data/Titanic+Data",,,,,,,,,,,,,,,,,,,,,,,,,,,,,,,,,,,,,,,,,,,,,,,,,,,,,,,,,,,,,,,,,,,,,,,,,,,,,,,,,,,,,,,,,,,,,,,,,,,,,,,,
22,"Data Preparation",,,,,,,,,,,,,,,,,,,,,,,,,,,,,,,,,,,,,,,,,,,,,,,,,,,,,,,,,,,,,,,,,,,,,,,,,,,,,,,,,,,,,,,,,,,,,,,,,,,,,,,,,
22,"Select Attributes",,subset,,"Age|Survived|Sex|Port of Embarkation|Passenger Far",false,attribute_value,false,time,attribute_block,false,value_matrix_row_start,false,false,,,,,,,,,,,,,,,,,,,,,,,,,,,,,,,,,,,,,,,,,,,,,,,,,,,,,,,,,,,,,,,,,,,,,,,,,,,,,,,,,,,,,,,,,,,,
22,"Set Role",,,,,,,,,,,,,,Name,id,,,,,,,,,,,,,,,,,,,,,,,,,,,,,,,,,,,,,,,,,,,,,,,,,,,,,,,,,,,,,,,,,,,,,,,,,,,,,,,,,,,,,,,,,,
22,"Replace Missing Values",,single,Age,,false,attribute_value,false,time,attribute_block,false,value_matrix_row_start,false,false,,,false,false,average,,,,,,,,,,,,,,,,,,,,,,,,,,,,,,,,,,,,,,,,,,,,,,,,,,,,,,,,,,,,,,,,,,,,,,,,,,,,,,,,,,,,,,,
22,"Filter Examples",,,,,,,,,,,,,,,,,,,,custom_filters,false,true,true,,,,,,,,,,,,,,,,,,,,,,,,,,,,,,,,,,,,,,,,,,,,,,,,,,,,,,,,,,,,,,,,,,,,,,,,,,,,,,,,,,
22,"Nominal to Numerical",,all,,,false,nominal,false,file_path,single_value,false,single_value,false,false,,,false,false,,,,,,,,,,,,,,,,,,,,,,,,"dummy coding",false,"all 0 and warning",false,,,,,,,,,,,,,,,,,,,,,,,,,,,,,,,,,,,,,,,,,,,,,,,,,,,,,,,,,,,,,
22,"Cross Validation",,,,,,,,,,,,,,,,,,,,,,,,false,false,10,automatic,false,1992,true,,,,,,,,,,,,,,,,,,,,,,,,,,,,,,,,,,,,,,,,,,,,,,,,,,,,,,,,,,,,,,,,,,,,,,,,,,,
22,"Neural Net",,,,,,,,,,,,,,,,,,,,,,,,,,,,false,1992,,,,,,,,,,,,,,,,,,,,,,,,,,,,,,,,,,,,,,,,,,500,0.3,0.2,false,true,true,1.0E-5,,,,,,,,,,,,,,,,,,,,,,,,,,,,
22,"Apply Model",,,,,,,,,,,,,,,,,false,,,,,,,,,,,,,,,,,,,,,,,,,,,,,,,,,,,,,,,,,,,,,,,,,,,,,,,,,,,,,,,,,,,,,,,,,,,,,,,,,,,,,,,,
22,Performance,,,,,,,,,,,,,,,,,,,,,,,,,,,,,,,,,,,,,,,,true,,,,,,,,,,,,,,,,,,,,,,,,,,,,,,,,,,,,,,,,,,,,,,,,,,,,,,,,,,,,,,,,,
23,"Retrieve Titanic+Data","//Local Repository/data/Titanic+Data",,,,,,,,,,,,,,,,,,,,,,,,,,,,,,,,,,,,,,,,,,,,,,,,,,,,,,,,,,,,,,,,,,,,,,,,,,,,,,,,,,,,,,,,,,,,,,,,,,,,,,,,
23,"Set Role",,,,,,,,,,,,,,Survived,label,,,,,,,,,,,,,,,,,,,,,,,,,,,,,,,,,,,,,,,,,,,,,,,,,,,,,,,,,,,,,,,,,,,,,,,,,,,,,,,,,,,,,,,,,,
23,"Decision Tree",,,,,,,,,,,,,,,,,,,,,,,,,,,,,,,gain_ratio,20,true,0.25,true,0.1,2,4,3,,,,,,,,,,,,,,,,,,,,,,,,,,,,,,,,,,,,,,,,,,,,,,,,,,,,,,,,,,,,,,,,,,
24,"Retrieve Titanic+Data","//Local Repository/data/Titanic+Data",,,,,,,,,,,,,,,,,,,,,,,,,,,,,,,,,,,,,,,,,,,,,,,,,,,,,,,,,,,,,,,,,,,,,,,,,,,,,,,,,,,,,,,,,,,,,,,,,,,,,,,,
24,"Select Attributes",,subset,,"Age|No of Parents or Children on Board|Passenger C",false,attribute_value,false,time,attribute_block,false,value_matrix_row_start,false,false,,,,,,,,,,,,,,,,,,,,,,,,,,,,,,,,,,,,,,,,,,,,,,,,,,,,,,,,,,,,,,,,,,,,,,,,,,,,,,,,,,,,,,,,,,,,
24,"Set Role",,,,,,,,,,,,,,Survived,label,,,,,,,,,,,,,,,,,,,,,,,,,,,,,,,,,,,,,,,,,,,,,,,,,,,,,,,,,,,,,,,,,,,,,,,,,,,,,,,,,,,,,,,,,,
24,"Decision Tree",,,,,,,,,,,,,,,,,,,,,,,,,,,,,,,information_gain,20,true,0.25,true,0.1,2,4,3,,,,,,,,,,,,,,,,,,,,,,,,,,,,,,,,,,,,,,,,,,,,,,,,,,,,,,,,,,,,,,,,,,
25,"Retrieve Titanic+Data","//Local Repository/data/Titanic+Data",,,,,,,,,,,,,,,,,,,,,,,,,,,,,,,,,,,,,,,,,,,,,,,,,,,,,,,,,,,,,,,,,,,,,,,,,,,,,,,,,,,,,,,,,,,,,,,,,,,,,,,,
25,"Set Role",,,,,,,,,,,,,,Survived,label,,,,,,,,,,,,,,,,,,,,,,,,,,,,,,,,,,,,,,,,,,,,,,,,,,,,,,,,,,,,,,,,,,,,,,,,,,,,,,,,,,,,,,,,,,
25,"Decision Tree",,,,,,,,,,,,,,,,,,,,,,,,,,,,,,,gain_ratio,20,true,0.25,true,0.1,2,4,3,,,,,,,,,,,,,,,,,,,,,,,,,,,,,,,,,,,,,,,,,,,,,,,,,,,,,,,,,,,,,,,,,,
26,Retrieve,"//Local Repository/data/Titanic+Data",,,,,,,,,,,,,,,,,,,,,,,,,,,,,,,,,,,,,,,,,,,,,,,,,,,,,,,,,,,,,,,,,,,,,,,,,,,,,,,,,,,,,,,,,,,,,,,,,,,,,,,,
26,"Data Preparation",,,,,,,,,,,,,,,,,,,,,,,,,,,,,,,,,,,,,,,,,,,,,,,,,,,,,,,,,,,,,,,,,,,,,,,,,,,,,,,,,,,,,,,,,,,,,,,,,,,,,,,,,
26,"Select Attributes",,subset,,"Age|Survived|Sex|Port of Embarkation|Passenger Far",false,attribute_value,false,time,attribute_block,false,value_matrix_row_start,false,false,,,,,,,,,,,,,,,,,,,,,,,,,,,,,,,,,,,,,,,,,,,,,,,,,,,,,,,,,,,,,,,,,,,,,,,,,,,,,,,,,,,,,,,,,,,,
26,"Set Role",,,,,,,,,,,,,,Name,id,,,,,,,,,,,,,,,,,,,,,,,,,,,,,,,,,,,,,,,,,,,,,,,,,,,,,,,,,,,,,,,,,,,,,,,,,,,,,,,,,,,,,,,,,,
26,"Replace Missing Values",,single,Age,,false,attribute_value,false,time,attribute_block,false,value_matrix_row_start,false,false,,,false,false,average,,,,,,,,,,,,,,,,,,,,,,,,,,,,,,,,,,,,,,,,,,,,,,,,,,,,,,,,,,,,,,,,,,,,,,,,,,,,,,,,,,,,,,,
26,"Filter Examples",,,,,,,,,,,,,,,,,,,,custom_filters,false,true,true,,,,,,,,,,,,,,,,,,,,,,,,,,,,,,,,,,,,,,,,,,,,,,,,,,,,,,,,,,,,,,,,,,,,,,,,,,,,,,,,,,
26,"Nominal to Numerical",,all,,,false,nominal,false,file_path,single_value,false,single_value,false,false,,,false,false,,,,,,,,,,,,,,,,,,,,,,,,"dummy coding",false,"all 0 and warning",false,,,,,,,,,,,,,,,,,,,,,,,,,,,,,,,,,,,,,,,,,,,,,,,,,,,,,,,,,,,,,
26,"Cross Validation",,,,,,,,,,,,,,,,,,,,,,,,false,false,10,automatic,false,1992,true,,,,,,,,,,,,,,,,,,,,,,,,,,,,,,,,,,,,,,,,,,,,,,,,,,,,,,,,,,,,,,,,,,,,,,,,,,,
26,"Linear Regression",,,,,,,,,,,,,,,,,,,,,,,,,,,,,,,,,,,,,,,,,,,,,"M5 prime",0.05,10,0.05,0.05,true,0.05,true,1.0E-8,,,,,,,,,,,,,,,,,,,,,,,,,,,,,,,,,,,,,,,,,,,,,,,,,,,,
26,"Apply Model",,,,,,,,,,,,,,,,,false,,,,,,,,,,,,,,,,,,,,,,,,,,,,,,,,,,,,,,,,,,,,,,,,,,,,,,,,,,,,,,,,,,,,,,,,,,,,,,,,,,,,,,,,
26,Performance,,,,,,,,,,,,,,,,,,,,,,,,,,,,,,,,,,,,,,,,true,,,,,,,,,,,,,,,,,,,,,,,,,,,,,,,,,,,,,,,,,,,,,,,,,,,,,,,,,,,,,,,,,
27,Retrieve,"//Local Repository/data/Titanic+Data",,,,,,,,,,,,,,,,,,,,,,,,,,,,,,,,,,,,,,,,,,,,,,,,,,,,,,,,,,,,,,,,,,,,,,,,,,,,,,,,,,,,,,,,,,,,,,,,,,,,,,,,
27,"Data Preparation",,,,,,,,,,,,,,,,,,,,,,,,,,,,,,,,,,,,,,,,,,,,,,,,,,,,,,,,,,,,,,,,,,,,,,,,,,,,,,,,,,,,,,,,,,,,,,,,,,,,,,,,,
27,"Select Attributes",,subset,,"Age|Survived|Sex|Port of Embarkation|Passenger Far",false,attribute_value,false,time,attribute_block,false,value_matrix_row_start,false,false,,,,,,,,,,,,,,,,,,,,,,,,,,,,,,,,,,,,,,,,,,,,,,,,,,,,,,,,,,,,,,,,,,,,,,,,,,,,,,,,,,,,,,,,,,,,
27,"Set Role",,,,,,,,,,,,,,Name,id,,,,,,,,,,,,,,,,,,,,,,,,,,,,,,,,,,,,,,,,,,,,,,,,,,,,,,,,,,,,,,,,,,,,,,,,,,,,,,,,,,,,,,,,,,
27,"Replace Missing Values",,single,Age,,false,attribute_value,false,time,attribute_block,false,value_matrix_row_start,false,false,,,false,false,average,,,,,,,,,,,,,,,,,,,,,,,,,,,,,,,,,,,,,,,,,,,,,,,,,,,,,,,,,,,,,,,,,,,,,,,,,,,,,,,,,,,,,,,
27,"Filter Examples",,,,,,,,,,,,,,,,,,,,custom_filters,false,true,true,,,,,,,,,,,,,,,,,,,,,,,,,,,,,,,,,,,,,,,,,,,,,,,,,,,,,,,,,,,,,,,,,,,,,,,,,,,,,,,,,,
27,"Cross Validation",,,,,,,,,,,,,,,,,,,,,,,,false,false,10,automatic,false,1992,true,,,,,,,,,,,,,,,,,,,,,,,,,,,,,,,,,,,,,,,,,,,,,,,,,,,,,,,,,,,,,,,,,,,,,,,,,,,
27,"Decision Tree",,,,,,,,,,,,,,,,,,,,,,,,,,,,,,,gain_ratio,20,true,0.25,true,0.1,2,4,3,,,,,,,,,,,,,,,,,,,,,,,,,,,,,,,,,,,,,,,,,,,,,,,,,,,,,,,,,,,,,,,,,,
27,"Apply Model",,,,,,,,,,,,,,,,,false,,,,,,,,,,,,,,,,,,,,,,,,,,,,,,,,,,,,,,,,,,,,,,,,,,,,,,,,,,,,,,,,,,,,,,,,,,,,,,,,,,,,,,,,
27,Performance,,,,,,,,,,,,,,,,,,,,,,,,,,,,,,,,,,,,,,,,true,,,,,,,,,,,,,,,,,,,,,,,,,,,,,,,,,,,,,,,,,,,,,,,,,,,,,,,,,,,,,,,,,
28,"Retrieve Titanic+Data","//Local Repository/data/Titanic+Data",,,,,,,,,,,,,,,,,,,,,,,,,,,,,,,,,,,,,,,,,,,,,,,,,,,,,,,,,,,,,,,,,,,,,,,,,,,,,,,,,,,,,,,,,,,,,,,,,,,,,,,,
28,"Select Attributes",,subset,,"Age|No of Parents or Children on Board|Passenger C",false,attribute_value,false,time,attribute_block,false,value_matrix_row_start,false,false,,,,,,,,,,,,,,,,,,,,,,,,,,,,,,,,,,,,,,,,,,,,,,,,,,,,,,,,,,,,,,,,,,,,,,,,,,,,,,,,,,,,,,,,,,,,
28,"Set Role",,,,,,,,,,,,,,Survived,label,,,,,,,,,,,,,,,,,,,,,,,,,,,,,,,,,,,,,,,,,,,,,,,,,,,,,,,,,,,,,,,,,,,,,,,,,,,,,,,,,,,,,,,,,,
28,"Decision Tree",,,,,,,,,,,,,,,,,,,,,,,,,,,,,,,information_gain,20,true,0.25,true,0.1,2,4,3,,,,,,,,,,,,,,,,,,,,,,,,,,,,,,,,,,,,,,,,,,,,,,,,,,,,,,,,,,,,,,,,,,
29,"Retrieve Titanic+Data","//Local Repository/data/Titanic+Data",,,,,,,,,,,,,,,,,,,,,,,,,,,,,,,,,,,,,,,,,,,,,,,,,,,,,,,,,,,,,,,,,,,,,,,,,,,,,,,,,,,,,,,,,,,,,,,,,,,,,,,,
29,"Select Attributes",,subset,,"Age|No of Parents or Children on Board|Passenger C",false,attribute_value,false,time,attribute_block,false,value_matrix_row_start,false,false,,,,,,,,,,,,,,,,,,,,,,,,,,,,,,,,,,,,,,,,,,,,,,,,,,,,,,,,,,,,,,,,,,,,,,,,,,,,,,,,,,,,,,,,,,,,
29,"Set Role",,,,,,,,,,,,,,Survived,label,,,,,,,,,,,,,,,,,,,,,,,,,,,,,,,,,,,,,,,,,,,,,,,,,,,,,,,,,,,,,,,,,,,,,,,,,,,,,,,,,,,,,,,,,,
29,"Replace Missing Values",,all,,,false,attribute_value,false,time,attribute_block,false,value_matrix_row_start,false,false,,,false,false,average,,,,,,,,,,,,,,,,,,,,,,,,,,,,,,,,,,,,,,,,,,,,,,,,,,,,,,,,,,,,,,,,,,,,,,,,,,,,,,,,,,,,,,,
29,"Decision Tree",,,,,,,,,,,,,,,,,,,,,,,,,,,,,,,information_gain,10,true,0.25,false,0.1,2,4,3,,,,,,,,,,,,,,,,,,,,,,,,,,,,,,,,,,,,,,,,,,,,,,,,,,,,,,,,,,,,,,,,,,
30,Retrieve,"//Local Repository/data/Titanic+Data",,,,,,,,,,,,,,,,,,,,,,,,,,,,,,,,,,,,,,,,,,,,,,,,,,,,,,,,,,,,,,,,,,,,,,,,,,,,,,,,,,,,,,,,,,,,,,,,,,,,,,,,
30,"Data Preparation",,,,,,,,,,,,,,,,,,,,,,,,,,,,,,,,,,,,,,,,,,,,,,,,,,,,,,,,,,,,,,,,,,,,,,,,,,,,,,,,,,,,,,,,,,,,,,,,,,,,,,,,,
30,"Select Attributes",,subset,,"Age|Survived|Sex|Port of Embarkation|Passenger Far",false,attribute_value,false,time,attribute_block,false,value_matrix_row_start,false,false,,,,,,,,,,,,,,,,,,,,,,,,,,,,,,,,,,,,,,,,,,,,,,,,,,,,,,,,,,,,,,,,,,,,,,,,,,,,,,,,,,,,,,,,,,,,
30,"Set Role",,,,,,,,,,,,,,Name,id,,,,,,,,,,,,,,,,,,,,,,,,,,,,,,,,,,,,,,,,,,,,,,,,,,,,,,,,,,,,,,,,,,,,,,,,,,,,,,,,,,,,,,,,,,
30,"Replace Missing Values",,single,Age,,false,attribute_value,false,time,attribute_block,false,value_matrix_row_start,false,false,,,false,false,average,,,,,,,,,,,,,,,,,,,,,,,,,,,,,,,,,,,,,,,,,,,,,,,,,,,,,,,,,,,,,,,,,,,,,,,,,,,,,,,,,,,,,,,
30,"Filter Examples",,,,,,,,,,,,,,,,,,,,custom_filters,false,true,true,,,,,,,,,,,,,,,,,,,,,,,,,,,,,,,,,,,,,,,,,,,,,,,,,,,,,,,,,,,,,,,,,,,,,,,,,,,,,,,,,,
30,"Cross Validation",,,,,,,,,,,,,,,,,,,,,,,,false,false,10,automatic,false,1992,true,,,,,,,,,,,,,,,,,,,,,,,,,,,,,,,,,,,,,,,,,,,,,,,,,,,,,,,,,,,,,,,,,,,,,,,,,,,
30,"Decision Tree",,,,,,,,,,,,,,,,,,,,,,,,,,,,,,,gain_ratio,20,true,0.25,true,0.1,2,4,3,,,,,,,,,,,,,,,,,,,,,,,,,,,,,,,,,,,,,,,,,,,,,,,,,,,,,,,,,,,,,,,,,,
30,"Apply Model",,,,,,,,,,,,,,,,,false,,,,,,,,,,,,,,,,,,,,,,,,,,,,,,,,,,,,,,,,,,,,,,,,,,,,,,,,,,,,,,,,,,,,,,,,,,,,,,,,,,,,,,,,
30,Performance,,,,,,,,,,,,,,,,,,,,,,,,,,,,,,,,,,,,,,,,true,,,,,,,,,,,,,,,,,,,,,,,,,,,,,,,,,,,,,,,,,,,,,,,,,,,,,,,,,,,,,,,,,
31,"Retrieve Titanic+Data","//Local Repository/data/Titanic+Data",,,,,,,,,,,,,,,,,,,,,,,,,,,,,,,,,,,,,,,,,,,,,,,,,,,,,,,,,,,,,,,,,,,,,,,,,,,,,,,,,,,,,,,,,,,,,,,,,,,,,,,,
31,"Select Attributes",,subset,,"Age|No of Parents or Children on Board|Passenger C",false,attribute_value,false,time,attribute_block,false,value_matrix_row_start,false,false,,,,,,,,,,,,,,,,,,,,,,,,,,,,,,,,,,,,,,,,,,,,,,,,,,,,,,,,,,,,,,,,,,,,,,,,,,,,,,,,,,,,,,,,,,,,
31,"Set Role",,,,,,,,,,,,,,Survived,label,,,,,,,,,,,,,,,,,,,,,,,,,,,,,,,,,,,,,,,,,,,,,,,,,,,,,,,,,,,,,,,,,,,,,,,,,,,,,,,,,,,,,,,,,,
31,"Replace Missing Values",,all,,,false,attribute_value,false,time,attribute_block,false,value_matrix_row_start,false,false,,,false,false,average,,,,,,,,,,,,,,,,,,,,,,,,,,,,,,,,,,,,,,,,,,,,,,,,,,,,,,,,,,,,,,,,,,,,,,,,,,,,,,,,,,,,,,,
31,"Decision Tree",,,,,,,,,,,,,,,,,,,,,,,,,,,,,,,information_gain,10,true,0.25,false,0.1,2,4,3,,,,,,,,,,,,,,,,,,,,,,,,,,,,,,,,,,,,,,,,,,,,,,,,,,,,,,,,,,,,,,,,,,
32,"Retrieve Titanic+Data","//Local Repository/data/Titanic+Data",,,,,,,,,,,,,,,,,,,,,,,,,,,,,,,,,,,,,,,,,,,,,,,,,,,,,,,,,,,,,,,,,,,,,,,,,,,,,,,,,,,,,,,,,,,,,,,,,,,,,,,,
32,"Set Role",,,,,,,,,,,,,,Survived,label,,,,,,,,,,,,,,,,,,,,,,,,,,,,,,,,,,,,,,,,,,,,,,,,,,,,,,,,,,,,,,,,,,,,,,,,,,,,,,,,,,,,,,,,,,
32,"Replace Missing Values",,all,,,false,attribute_value,false,time,attribute_block,false,value_matrix_row_start,false,false,,,false,false,average,,,,,,,,,,,,,,,,,,,,,,,,,,,,,,,,,,,,,,,,,,,,,,,,,,,,,,,,,,,,,,,,,,,,,,,,,,,,,,,,,,,,,,,
32,"Decision Tree",,,,,,,,,,,,,,,,,,,,,,,,,,,,,,,gini_index,10,false,0.25,true,0.1,2,4,3,,,,,,,,,,,,,,,,,,,,,,,,,,,,,,,,,,,,,,,,,,,,,,,,,,,,,,,,,,,,,,,,,,
33,"Retrieve Titanic+Data","//Local Repository/data/Titanic+Data",,,,,,,,,,,,,,,,,,,,,,,,,,,,,,,,,,,,,,,,,,,,,,,,,,,,,,,,,,,,,,,,,,,,,,,,,,,,,,,,,,,,,,,,,,,,,,,,,,,,,,,,
33,"Set Role",,,,,,,,,,,,,,Survived,label,,,,,,,,,,,,,,,,,,,,,,,,,,,,,,,,,,,,,,,,,,,,,,,,,,,,,,,,,,,,,,,,,,,,,,,,,,,,,,,,,,,,,,,,,,
33,"Replace Missing Values",,all,,,false,attribute_value,false,time,attribute_block,false,value_matrix_row_start,false,false,,,false,false,average,,,,,,,,,,,,,,,,,,,,,,,,,,,,,,,,,,,,,,,,,,,,,,,,,,,,,,,,,,,,,,,,,,,,,,,,,,,,,,,,,,,,,,,
33,"Random Forest",,,,,,,,,,,,,,,,,,,,,,,,,,,,false,1992,,information_gain,20,true,0.25,true,0.1,2,4,3,,,,,,,,,,,,,,,,,,,,,,,,,,,,,,,,,,,,,,,10,true,0.2,"confidence vote",,,,,,,,,,,,,,,,,,,,,,,,
34,Retrieve,"//Local Repository/data/Titanic+Data",,,,,,,,,,,,,,,,,,,,,,,,,,,,,,,,,,,,,,,,,,,,,,,,,,,,,,,,,,,,,,,,,,,,,,,,,,,,,,,,,,,,,,,,,,,,,,,,,,,,,,,,
34,"Data Preparation",,,,,,,,,,,,,,,,,,,,,,,,,,,,,,,,,,,,,,,,,,,,,,,,,,,,,,,,,,,,,,,,,,,,,,,,,,,,,,,,,,,,,,,,,,,,,,,,,,,,,,,,,
34,"Select Attributes",,subset,,"Age|Survived|Sex|Port of Embarkation|Passenger Far",false,attribute_value,false,time,attribute_block,false,value_matrix_row_start,false,false,,,,,,,,,,,,,,,,,,,,,,,,,,,,,,,,,,,,,,,,,,,,,,,,,,,,,,,,,,,,,,,,,,,,,,,,,,,,,,,,,,,,,,,,,,,,
34,"Set Role",,,,,,,,,,,,,,Name,id,,,,,,,,,,,,,,,,,,,,,,,,,,,,,,,,,,,,,,,,,,,,,,,,,,,,,,,,,,,,,,,,,,,,,,,,,,,,,,,,,,,,,,,,,,
34,"Replace Missing Values",,single,Age,,false,attribute_value,false,time,attribute_block,false,value_matrix_row_start,false,false,,,false,false,average,,,,,,,,,,,,,,,,,,,,,,,,,,,,,,,,,,,,,,,,,,,,,,,,,,,,,,,,,,,,,,,,,,,,,,,,,,,,,,,,,,,,,,,
34,"Filter Examples",,,,,,,,,,,,,,,,,,,,custom_filters,false,true,true,,,,,,,,,,,,,,,,,,,,,,,,,,,,,,,,,,,,,,,,,,,,,,,,,,,,,,,,,,,,,,,,,,,,,,,,,,,,,,,,,,
34,"Nominal to Numerical",,all,,,false,nominal,false,file_path,single_value,false,single_value,false,false,,,false,false,,,,,,,,,,,,,,,,,,,,,,,,"dummy coding",false,"all 0 and warning",false,,,,,,,,,,,,,,,,,,,,,,,,,,,,,,,,,,,,,,,,,,,,,,,,,,,,,,,,,,,,,
34,"Cross Validation",,,,,,,,,,,,,,,,,,,,,,,,false,false,10,automatic,false,1992,true,,,,,,,,,,,,,,,,,,,,,,,,,,,,,,,,,,,,,,,,,,,,,,,,,,,,,,,,,,,,,,,,,,,,,,,,,,,
34,"Replace Missing Values (2)",,all,,,false,attribute_value,false,time,attribute_block,false,value_matrix_row_start,false,false,,,false,false,average,,,,,,,,,,,,,,,,,,,,,,,,,,,,,,,,,,,,,,,,,,,,,,,,,,,,,,,,,,,,,,,,,,,,,,,,,,,,,,,,,,,,,,,
34,SVM,,,,,,,,,,,,,,,,,,,,,,,,,,,,,,,,,,,,,,,,,,,,,,,100000,,,,,,,,,,,,,,,,,,,,,,,,,,,,,,,,,,,dot,1.0,1.0,0.0,2.0,1.0,2.0,1.0,0.0,200,0.0,0.001,true,true,true,1.0,1.0,0.0,0.0,0.0,false,false,false,false
34,"Apply Model",,,,,,,,,,,,,,,,,false,,,,,,,,,,,,,,,,,,,,,,,,,,,,,,,,,,,,,,,,,,,,,,,,,,,,,,,,,,,,,,,,,,,,,,,,,,,,,,,,,,,,,,,,
34,Performance,,,,,,,,,,,,,,,,,,,,,,,,,,,,,,,,,,,,,,,,true,,,,,,,,,,,,,,,,,,,,,,,,,,,,,,,,,,,,,,,,,,,,,,,,,,,,,,,,,,,,,,,,,
35,Retrieve,"//Local Repository/data/Titanic+Data",,,,,,,,,,,,,,,,,,,,,,,,,,,,,,,,,,,,,,,,,,,,,,,,,,,,,,,,,,,,,,,,,,,,,,,,,,,,,,,,,,,,,,,,,,,,,,,,,,,,,,,,
35,"Data Preparation",,,,,,,,,,,,,,,,,,,,,,,,,,,,,,,,,,,,,,,,,,,,,,,,,,,,,,,,,,,,,,,,,,,,,,,,,,,,,,,,,,,,,,,,,,,,,,,,,,,,,,,,,
35,"Select Attributes",,subset,,"Age|Survived|Sex|Port of Embarkation|Passenger Far",false,attribute_value,false,time,attribute_block,false,value_matrix_row_start,false,false,,,,,,,,,,,,,,,,,,,,,,,,,,,,,,,,,,,,,,,,,,,,,,,,,,,,,,,,,,,,,,,,,,,,,,,,,,,,,,,,,,,,,,,,,,,,
35,"Set Role",,,,,,,,,,,,,,Name,id,,,,,,,,,,,,,,,,,,,,,,,,,,,,,,,,,,,,,,,,,,,,,,,,,,,,,,,,,,,,,,,,,,,,,,,,,,,,,,,,,,,,,,,,,,
35,"Replace Missing Values",,single,Age,,false,attribute_value,false,time,attribute_block,false,value_matrix_row_start,false,false,,,false,false,average,,,,,,,,,,,,,,,,,,,,,,,,,,,,,,,,,,,,,,,,,,,,,,,,,,,,,,,,,,,,,,,,,,,,,,,,,,,,,,,,,,,,,,,
35,"Filter Examples",,,,,,,,,,,,,,,,,,,,custom_filters,false,true,true,,,,,,,,,,,,,,,,,,,,,,,,,,,,,,,,,,,,,,,,,,,,,,,,,,,,,,,,,,,,,,,,,,,,,,,,,,,,,,,,,,
35,"Cross Validation",,,,,,,,,,,,,,,,,,,,,,,,false,false,10,automatic,false,1992,true,,,,,,,,,,,,,,,,,,,,,,,,,,,,,,,,,,,,,,,,,,,,,,,,,,,,,,,,,,,,,,,,,,,,,,,,,,,
35,"Decision Tree",,,,,,,,,,,,,,,,,,,,,,,,,,,,,,,gain_ratio,20,true,0.25,true,0.1,2,4,3,,,,,,,,,,,,,,,,,,,,,,,,,,,,,,,,,,,,,,,,,,,,,,,,,,,,,,,,,,,,,,,,,,
35,"Apply Model",,,,,,,,,,,,,,,,,false,,,,,,,,,,,,,,,,,,,,,,,,,,,,,,,,,,,,,,,,,,,,,,,,,,,,,,,,,,,,,,,,,,,,,,,,,,,,,,,,,,,,,,,,
35,Performance,,,,,,,,,,,,,,,,,,,,,,,,,,,,,,,,,,,,,,,,true,,,,,,,,,,,,,,,,,,,,,,,,,,,,,,,,,,,,,,,,,,,,,,,,,,,,,,,,,,,,,,,,,
36,"Retrieve Titanic+Data","//Local Repository/data/Titanic+Data",,,,,,,,,,,,,,,,,,,,,,,,,,,,,,,,,,,,,,,,,,,,,,,,,,,,,,,,,,,,,,,,,,,,,,,,,,,,,,,,,,,,,,,,,,,,,,,,,,,,,,,,
36,"Set Role",,,,,,,,,,,,,,Survived,label,,,,,,,,,,,,,,,,,,,,,,,,,,,,,,,,,,,,,,,,,,,,,,,,,,,,,,,,,,,,,,,,,,,,,,,,,,,,,,,,,,,,,,,,,,
36,"Decision Tree",,,,,,,,,,,,,,,,,,,,,,,,,,,,,,,gain_ratio,20,true,0.25,true,0.1,2,4,3,,,,,,,,,,,,,,,,,,,,,,,,,,,,,,,,,,,,,,,,,,,,,,,,,,,,,,,,,,,,,,,,,,
37,Retrieve,"//Local Repository/data/Titanic+Data",,,,,,,,,,,,,,,,,,,,,,,,,,,,,,,,,,,,,,,,,,,,,,,,,,,,,,,,,,,,,,,,,,,,,,,,,,,,,,,,,,,,,,,,,,,,,,,,,,,,,,,,
37,"Data Preparation",,,,,,,,,,,,,,,,,,,,,,,,,,,,,,,,,,,,,,,,,,,,,,,,,,,,,,,,,,,,,,,,,,,,,,,,,,,,,,,,,,,,,,,,,,,,,,,,,,,,,,,,,
37,"Select Attributes",,subset,,"Age|Survived|Sex|Port of Embarkation|Passenger Far",false,attribute_value,false,time,attribute_block,false,value_matrix_row_start,false,false,,,,,,,,,,,,,,,,,,,,,,,,,,,,,,,,,,,,,,,,,,,,,,,,,,,,,,,,,,,,,,,,,,,,,,,,,,,,,,,,,,,,,,,,,,,,
37,"Set Role",,,,,,,,,,,,,,Name,id,,,,,,,,,,,,,,,,,,,,,,,,,,,,,,,,,,,,,,,,,,,,,,,,,,,,,,,,,,,,,,,,,,,,,,,,,,,,,,,,,,,,,,,,,,
37,"Replace Missing Values",,single,Age,,false,attribute_value,false,time,attribute_block,false,value_matrix_row_start,false,false,,,false,false,average,,,,,,,,,,,,,,,,,,,,,,,,,,,,,,,,,,,,,,,,,,,,,,,,,,,,,,,,,,,,,,,,,,,,,,,,,,,,,,,,,,,,,,,
37,"Filter Examples",,,,,,,,,,,,,,,,,,,,custom_filters,false,true,true,,,,,,,,,,,,,,,,,,,,,,,,,,,,,,,,,,,,,,,,,,,,,,,,,,,,,,,,,,,,,,,,,,,,,,,,,,,,,,,,,,
37,"Nominal to Numerical",,all,,,false,nominal,false,file_path,single_value,false,single_value,false,false,,,false,false,,,,,,,,,,,,,,,,,,,,,,,,"dummy coding",false,"all 0 and warning",false,,,,,,,,,,,,,,,,,,,,,,,,,,,,,,,,,,,,,,,,,,,,,,,,,,,,,,,,,,,,,
37,"Cross Validation",,,,,,,,,,,,,,,,,,,,,,,,false,false,10,automatic,false,1992,true,,,,,,,,,,,,,,,,,,,,,,,,,,,,,,,,,,,,,,,,,,,,,,,,,,,,,,,,,,,,,,,,,,,,,,,,,,,
37,SVM,,,,,,,,,,,,,,,,,,,,,,,,,,,,,,,,,,,,,,,,,,,,,,,100000,,,,,,,,,,,,,,,,,,,,,,,,,,,,,,,,,,,dot,1.0,1.0,0.0,2.0,1.0,2.0,1.0,0.0,200,0.0,0.001,true,true,true,1.0,1.0,0.0,0.0,0.0,false,false,false,false
37,"Apply Model",,,,,,,,,,,,,,,,,false,,,,,,,,,,,,,,,,,,,,,,,,,,,,,,,,,,,,,,,,,,,,,,,,,,,,,,,,,,,,,,,,,,,,,,,,,,,,,,,,,,,,,,,,
37,Performance,,,,,,,,,,,,,,,,,,,,,,,,,,,,,,,,,,,,,,,,true,,,,,,,,,,,,,,,,,,,,,,,,,,,,,,,,,,,,,,,,,,,,,,,,,,,,,,,,,,,,,,,,,
38,"Retrieve Titanic+Data","//Local Repository/data/Titanic+Data",,,,,,,,,,,,,,,,,,,,,,,,,,,,,,,,,,,,,,,,,,,,,,,,,,,,,,,,,,,,,,,,,,,,,,,,,,,,,,,,,,,,,,,,,,,,,,,,,,,,,,,,
38,"Set Role",,,,,,,,,,,,,,Survived,label,,,,,,,,,,,,,,,,,,,,,,,,,,,,,,,,,,,,,,,,,,,,,,,,,,,,,,,,,,,,,,,,,,,,,,,,,,,,,,,,,,,,,,,,,,
38,"Replace Missing Values",,all,,,false,attribute_value,false,time,attribute_block,false,value_matrix_row_start,false,false,,,false,false,average,,,,,,,,,,,,,,,,,,,,,,,,,,,,,,,,,,,,,,,,,,,,,,,,,,,,,,,,,,,,,,,,,,,,,,,,,,,,,,,,,,,,,,,
38,"Random Forest",,,,,,,,,,,,,,,,,,,,,,,,,,,,false,1992,,information_gain,20,true,0.25,true,0.1,2,4,3,,,,,,,,,,,,,,,,,,,,,,,,,,,,,,,,,,,,,,,10,true,0.2,"confidence vote",,,,,,,,,,,,,,,,,,,,,,,,
39,"Retrieve Titanic+Data","//Local Repository/data/Titanic+Data",,,,,,,,,,,,,,,,,,,,,,,,,,,,,,,,,,,,,,,,,,,,,,,,,,,,,,,,,,,,,,,,,,,,,,,,,,,,,,,,,,,,,,,,,,,,,,,,,,,,,,,,
39,"Select Attributes",,subset,,"Age|No of Parents or Children on Board|Passenger C",false,attribute_value,false,time,attribute_block,false,value_matrix_row_start,false,false,,,,,,,,,,,,,,,,,,,,,,,,,,,,,,,,,,,,,,,,,,,,,,,,,,,,,,,,,,,,,,,,,,,,,,,,,,,,,,,,,,,,,,,,,,,,
39,"Set Role",,,,,,,,,,,,,,Survived,label,,,,,,,,,,,,,,,,,,,,,,,,,,,,,,,,,,,,,,,,,,,,,,,,,,,,,,,,,,,,,,,,,,,,,,,,,,,,,,,,,,,,,,,,,,
39,"Replace Missing Values",,all,,,false,attribute_value,false,time,attribute_block,false,value_matrix_row_start,false,false,,,false,false,average,,,,,,,,,,,,,,,,,,,,,,,,,,,,,,,,,,,,,,,,,,,,,,,,,,,,,,,,,,,,,,,,,,,,,,,,,,,,,,,,,,,,,,,
39,"Decision Tree",,,,,,,,,,,,,,,,,,,,,,,,,,,,,,,information_gain,10,true,0.25,false,0.1,2,4,3,,,,,,,,,,,,,,,,,,,,,,,,,,,,,,,,,,,,,,,,,,,,,,,,,,,,,,,,,,,,,,,,,,
40,Retrieve,"//Local Repository/data/Titanic+Data",,,,,,,,,,,,,,,,,,,,,,,,,,,,,,,,,,,,,,,,,,,,,,,,,,,,,,,,,,,,,,,,,,,,,,,,,,,,,,,,,,,,,,,,,,,,,,,,,,,,,,,,
40,"Data Preparation",,,,,,,,,,,,,,,,,,,,,,,,,,,,,,,,,,,,,,,,,,,,,,,,,,,,,,,,,,,,,,,,,,,,,,,,,,,,,,,,,,,,,,,,,,,,,,,,,,,,,,,,,
40,"Select Attributes",,subset,,"Age|Survived|Sex|Port of Embarkation|Passenger Far",false,attribute_value,false,time,attribute_block,false,value_matrix_row_start,false,false,,,,,,,,,,,,,,,,,,,,,,,,,,,,,,,,,,,,,,,,,,,,,,,,,,,,,,,,,,,,,,,,,,,,,,,,,,,,,,,,,,,,,,,,,,,,
40,"Set Role",,,,,,,,,,,,,,Name,id,,,,,,,,,,,,,,,,,,,,,,,,,,,,,,,,,,,,,,,,,,,,,,,,,,,,,,,,,,,,,,,,,,,,,,,,,,,,,,,,,,,,,,,,,,
40,"Replace Missing Values",,single,Age,,false,attribute_value,false,time,attribute_block,false,value_matrix_row_start,false,false,,,false,false,average,,,,,,,,,,,,,,,,,,,,,,,,,,,,,,,,,,,,,,,,,,,,,,,,,,,,,,,,,,,,,,,,,,,,,,,,,,,,,,,,,,,,,,,
40,"Filter Examples",,,,,,,,,,,,,,,,,,,,custom_filters,false,true,true,,,,,,,,,,,,,,,,,,,,,,,,,,,,,,,,,,,,,,,,,,,,,,,,,,,,,,,,,,,,,,,,,,,,,,,,,,,,,,,,,,
40,"Nominal to Numerical",,all,,,false,nominal,false,file_path,single_value,false,single_value,false,false,,,false,false,,,,,,,,,,,,,,,,,,,,,,,,"dummy coding",false,"all 0 and warning",false,,,,,,,,,,,,,,,,,,,,,,,,,,,,,,,,,,,,,,,,,,,,,,,,,,,,,,,,,,,,,
40,"Cross Validation",,,,,,,,,,,,,,,,,,,,,,,,false,false,10,automatic,false,1992,true,,,,,,,,,,,,,,,,,,,,,,,,,,,,,,,,,,,,,,,,,,,,,,,,,,,,,,,,,,,,,,,,,,,,,,,,,,,
40,"Neural Net",,,,,,,,,,,,,,,,,,,,,,,,,,,,false,1992,,,,,,,,,,,,,,,,,,,,,,,,,,,,,,,,,,,,,,,,,,500,0.3,0.2,false,true,true,1.0E-5,,,,,,,,,,,,,,,,,,,,,,,,,,,,
40,"Apply Model",,,,,,,,,,,,,,,,,false,,,,,,,,,,,,,,,,,,,,,,,,,,,,,,,,,,,,,,,,,,,,,,,,,,,,,,,,,,,,,,,,,,,,,,,,,,,,,,,,,,,,,,,,
40,Performance,,,,,,,,,,,,,,,,,,,,,,,,,,,,,,,,,,,,,,,,true,,,,,,,,,,,,,,,,,,,,,,,,,,,,,,,,,,,,,,,,,,,,,,,,,,,,,,,,,,,,,,,,,
41,Retrieve,"//Local Repository/data/Titanic+Data",,,,,,,,,,,,,,,,,,,,,,,,,,,,,,,,,,,,,,,,,,,,,,,,,,,,,,,,,,,,,,,,,,,,,,,,,,,,,,,,,,,,,,,,,,,,,,,,,,,,,,,,
41,"Data Preparation",,,,,,,,,,,,,,,,,,,,,,,,,,,,,,,,,,,,,,,,,,,,,,,,,,,,,,,,,,,,,,,,,,,,,,,,,,,,,,,,,,,,,,,,,,,,,,,,,,,,,,,,,
41,"Select Attributes",,subset,,"Age|Survived|Sex|Port of Embarkation|Passenger Far",false,attribute_value,false,time,attribute_block,false,value_matrix_row_start,false,false,,,,,,,,,,,,,,,,,,,,,,,,,,,,,,,,,,,,,,,,,,,,,,,,,,,,,,,,,,,,,,,,,,,,,,,,,,,,,,,,,,,,,,,,,,,,
41,"Set Role",,,,,,,,,,,,,,Name,id,,,,,,,,,,,,,,,,,,,,,,,,,,,,,,,,,,,,,,,,,,,,,,,,,,,,,,,,,,,,,,,,,,,,,,,,,,,,,,,,,,,,,,,,,,
41,"Replace Missing Values",,single,Age,,false,attribute_value,false,time,attribute_block,false,value_matrix_row_start,false,false,,,false,false,average,,,,,,,,,,,,,,,,,,,,,,,,,,,,,,,,,,,,,,,,,,,,,,,,,,,,,,,,,,,,,,,,,,,,,,,,,,,,,,,,,,,,,,,
41,"Filter Examples",,,,,,,,,,,,,,,,,,,,custom_filters,false,true,true,,,,,,,,,,,,,,,,,,,,,,,,,,,,,,,,,,,,,,,,,,,,,,,,,,,,,,,,,,,,,,,,,,,,,,,,,,,,,,,,,,
41,"Nominal to Numerical",,all,,,false,nominal,false,file_path,single_value,false,single_value,false,false,,,false,false,,,,,,,,,,,,,,,,,,,,,,,,"dummy coding",false,"all 0 and warning",false,,,,,,,,,,,,,,,,,,,,,,,,,,,,,,,,,,,,,,,,,,,,,,,,,,,,,,,,,,,,,
41,"Cross Validation",,,,,,,,,,,,,,,,,,,,,,,,false,false,10,automatic,false,1992,true,,,,,,,,,,,,,,,,,,,,,,,,,,,,,,,,,,,,,,,,,,,,,,,,,,,,,,,,,,,,,,,,,,,,,,,,,,,
41,"Linear Regression",,,,,,,,,,,,,,,,,,,,,,,,,,,,,,,,,,,,,,,,,,,,,"M5 prime",0.05,10,0.05,0.05,true,0.05,true,1.0E-8,,,,,,,,,,,,,,,,,,,,,,,,,,,,,,,,,,,,,,,,,,,,,,,,,,,,
41,"Apply Model",,,,,,,,,,,,,,,,,false,,,,,,,,,,,,,,,,,,,,,,,,,,,,,,,,,,,,,,,,,,,,,,,,,,,,,,,,,,,,,,,,,,,,,,,,,,,,,,,,,,,,,,,,
41,Performance,,,,,,,,,,,,,,,,,,,,,,,,,,,,,,,,,,,,,,,,true,,,,,,,,,,,,,,,,,,,,,,,,,,,,,,,,,,,,,,,,,,,,,,,,,,,,,,,,,,,,,,,,,
42,"Retrieve Titanic+Data","//Local Repository/data/Titanic+Data",,,,,,,,,,,,,,,,,,,,,,,,,,,,,,,,,,,,,,,,,,,,,,,,,,,,,,,,,,,,,,,,,,,,,,,,,,,,,,,,,,,,,,,,,,,,,,,,,,,,,,,,
42,"Set Role",,,,,,,,,,,,,,Survived,label,,,,,,,,,,,,,,,,,,,,,,,,,,,,,,,,,,,,,,,,,,,,,,,,,,,,,,,,,,,,,,,,,,,,,,,,,,,,,,,,,,,,,,,,,,
42,"Decision Tree",,,,,,,,,,,,,,,,,,,,,,,,,,,,,,,gain_ratio,20,true,0.25,true,0.1,2,4,3,,,,,,,,,,,,,,,,,,,,,,,,,,,,,,,,,,,,,,,,,,,,,,,,,,,,,,,,,,,,,,,,,,
43,Retrieve,"//Local Repository/data/Titanic+Data",,,,,,,,,,,,,,,,,,,,,,,,,,,,,,,,,,,,,,,,,,,,,,,,,,,,,,,,,,,,,,,,,,,,,,,,,,,,,,,,,,,,,,,,,,,,,,,,,,,,,,,,
43,"Data Preparation",,,,,,,,,,,,,,,,,,,,,,,,,,,,,,,,,,,,,,,,,,,,,,,,,,,,,,,,,,,,,,,,,,,,,,,,,,,,,,,,,,,,,,,,,,,,,,,,,,,,,,,,,
43,"Select Attributes",,subset,,"Age|Survived|Sex|Port of Embarkation|Passenger Far",false,attribute_value,false,time,attribute_block,false,value_matrix_row_start,false,false,,,,,,,,,,,,,,,,,,,,,,,,,,,,,,,,,,,,,,,,,,,,,,,,,,,,,,,,,,,,,,,,,,,,,,,,,,,,,,,,,,,,,,,,,,,,
43,"Set Role",,,,,,,,,,,,,,Name,id,,,,,,,,,,,,,,,,,,,,,,,,,,,,,,,,,,,,,,,,,,,,,,,,,,,,,,,,,,,,,,,,,,,,,,,,,,,,,,,,,,,,,,,,,,
43,"Replace Missing Values",,single,Age,,false,attribute_value,false,time,attribute_block,false,value_matrix_row_start,false,false,,,false,false,average,,,,,,,,,,,,,,,,,,,,,,,,,,,,,,,,,,,,,,,,,,,,,,,,,,,,,,,,,,,,,,,,,,,,,,,,,,,,,,,,,,,,,,,
43,"Filter Examples",,,,,,,,,,,,,,,,,,,,custom_filters,false,true,true,,,,,,,,,,,,,,,,,,,,,,,,,,,,,,,,,,,,,,,,,,,,,,,,,,,,,,,,,,,,,,,,,,,,,,,,,,,,,,,,,,
43,"Cross Validation",,,,,,,,,,,,,,,,,,,,,,,,false,false,10,automatic,false,1992,true,,,,,,,,,,,,,,,,,,,,,,,,,,,,,,,,,,,,,,,,,,,,,,,,,,,,,,,,,,,,,,,,,,,,,,,,,,,
43,"Logistic Regression",,,,,,,,,,,,,,,,,,,,,,,,,,,,,,,,,,,,,,,,,,,,,,,0,,,,,,,AUTO,false,4,false,false,0,0.0,true,3,0.001,true,false,true,true,true,MeanImputation,0,,,,,,,,,,,,,,,,,,,,,,,,,,,,,,,,,,,
43,"Apply Model",,,,,,,,,,,,,,,,,false,,,,,,,,,,,,,,,,,,,,,,,,,,,,,,,,,,,,,,,,,,,,,,,,,,,,,,,,,,,,,,,,,,,,,,,,,,,,,,,,,,,,,,,,
43,Performance,,,,,,,,,,,,,,,,,,,,,,,,,,,,,,,,,,,,,,,,true,,,,,,,,,,,,,,,,,,,,,,,,,,,,,,,,,,,,,,,,,,,,,,,,,,,,,,,,,,,,,,,,,
44,"Retrieve Titanic+Data","//Local Repository/data/Titanic+Data",,,,,,,,,,,,,,,,,,,,,,,,,,,,,,,,,,,,,,,,,,,,,,,,,,,,,,,,,,,,,,,,,,,,,,,,,,,,,,,,,,,,,,,,,,,,,,,,,,,,,,,,
44,"Set Role",,,,,,,,,,,,,,Survived,label,,,,,,,,,,,,,,,,,,,,,,,,,,,,,,,,,,,,,,,,,,,,,,,,,,,,,,,,,,,,,,,,,,,,,,,,,,,,,,,,,,,,,,,,,,
44,"Decision Tree",,,,,,,,,,,,,,,,,,,,,,,,,,,,,,,gain_ratio,20,true,0.25,true,0.1,2,4,3,,,,,,,,,,,,,,,,,,,,,,,,,,,,,,,,,,,,,,,,,,,,,,,,,,,,,,,,,,,,,,,,,,
45,Retrieve,"//Local Repository/data/Titanic+Data",,,,,,,,,,,,,,,,,,,,,,,,,,,,,,,,,,,,,,,,,,,,,,,,,,,,,,,,,,,,,,,,,,,,,,,,,,,,,,,,,,,,,,,,,,,,,,,,,,,,,,,,
45,"Data Preparation",,,,,,,,,,,,,,,,,,,,,,,,,,,,,,,,,,,,,,,,,,,,,,,,,,,,,,,,,,,,,,,,,,,,,,,,,,,,,,,,,,,,,,,,,,,,,,,,,,,,,,,,,
45,"Select Attributes",,subset,,"Age|Survived|Sex|Port of Embarkation|Passenger Far",false,attribute_value,false,time,attribute_block,false,value_matrix_row_start,false,false,,,,,,,,,,,,,,,,,,,,,,,,,,,,,,,,,,,,,,,,,,,,,,,,,,,,,,,,,,,,,,,,,,,,,,,,,,,,,,,,,,,,,,,,,,,,
45,"Set Role",,,,,,,,,,,,,,Name,id,,,,,,,,,,,,,,,,,,,,,,,,,,,,,,,,,,,,,,,,,,,,,,,,,,,,,,,,,,,,,,,,,,,,,,,,,,,,,,,,,,,,,,,,,,
45,"Replace Missing Values",,single,Age,,false,attribute_value,false,time,attribute_block,false,value_matrix_row_start,false,false,,,false,false,average,,,,,,,,,,,,,,,,,,,,,,,,,,,,,,,,,,,,,,,,,,,,,,,,,,,,,,,,,,,,,,,,,,,,,,,,,,,,,,,,,,,,,,,
45,"Filter Examples",,,,,,,,,,,,,,,,,,,,custom_filters,false,true,true,,,,,,,,,,,,,,,,,,,,,,,,,,,,,,,,,,,,,,,,,,,,,,,,,,,,,,,,,,,,,,,,,,,,,,,,,,,,,,,,,,
45,"Nominal to Numerical",,all,,,false,nominal,false,file_path,single_value,false,single_value,false,false,,,false,false,,,,,,,,,,,,,,,,,,,,,,,,"dummy coding",false,"all 0 and warning",false,,,,,,,,,,,,,,,,,,,,,,,,,,,,,,,,,,,,,,,,,,,,,,,,,,,,,,,,,,,,,
45,"Cross Validation",,,,,,,,,,,,,,,,,,,,,,,,false,false,10,automatic,false,1992,true,,,,,,,,,,,,,,,,,,,,,,,,,,,,,,,,,,,,,,,,,,,,,,,,,,,,,,,,,,,,,,,,,,,,,,,,,,,
45,"Linear Regression",,,,,,,,,,,,,,,,,,,,,,,,,,,,,,,,,,,,,,,,,,,,,"M5 prime",0.05,10,0.05,0.05,true,0.05,true,1.0E-8,,,,,,,,,,,,,,,,,,,,,,,,,,,,,,,,,,,,,,,,,,,,,,,,,,,,
45,"Apply Model",,,,,,,,,,,,,,,,,false,,,,,,,,,,,,,,,,,,,,,,,,,,,,,,,,,,,,,,,,,,,,,,,,,,,,,,,,,,,,,,,,,,,,,,,,,,,,,,,,,,,,,,,,
45,Performance,,,,,,,,,,,,,,,,,,,,,,,,,,,,,,,,,,,,,,,,true,,,,,,,,,,,,,,,,,,,,,,,,,,,,,,,,,,,,,,,,,,,,,,,,,,,,,,,,,,,,,,,,,
46,Retrieve,"//Local Repository/data/Titanic+Data",,,,,,,,,,,,,,,,,,,,,,,,,,,,,,,,,,,,,,,,,,,,,,,,,,,,,,,,,,,,,,,,,,,,,,,,,,,,,,,,,,,,,,,,,,,,,,,,,,,,,,,,
46,"Data Preparation",,,,,,,,,,,,,,,,,,,,,,,,,,,,,,,,,,,,,,,,,,,,,,,,,,,,,,,,,,,,,,,,,,,,,,,,,,,,,,,,,,,,,,,,,,,,,,,,,,,,,,,,,
46,"Select Attributes",,subset,,"Age|Survived|Sex|Port of Embarkation|Passenger Far",false,attribute_value,false,time,attribute_block,false,value_matrix_row_start,false,false,,,,,,,,,,,,,,,,,,,,,,,,,,,,,,,,,,,,,,,,,,,,,,,,,,,,,,,,,,,,,,,,,,,,,,,,,,,,,,,,,,,,,,,,,,,,
46,"Set Role",,,,,,,,,,,,,,Name,id,,,,,,,,,,,,,,,,,,,,,,,,,,,,,,,,,,,,,,,,,,,,,,,,,,,,,,,,,,,,,,,,,,,,,,,,,,,,,,,,,,,,,,,,,,
46,"Replace Missing Values",,single,Age,,false,attribute_value,false,time,attribute_block,false,value_matrix_row_start,false,false,,,false,false,average,,,,,,,,,,,,,,,,,,,,,,,,,,,,,,,,,,,,,,,,,,,,,,,,,,,,,,,,,,,,,,,,,,,,,,,,,,,,,,,,,,,,,,,
46,"Filter Examples",,,,,,,,,,,,,,,,,,,,custom_filters,false,true,true,,,,,,,,,,,,,,,,,,,,,,,,,,,,,,,,,,,,,,,,,,,,,,,,,,,,,,,,,,,,,,,,,,,,,,,,,,,,,,,,,,
46,"Cross Validation",,,,,,,,,,,,,,,,,,,,,,,,false,false,10,automatic,false,1992,true,,,,,,,,,,,,,,,,,,,,,,,,,,,,,,,,,,,,,,,,,,,,,,,,,,,,,,,,,,,,,,,,,,,,,,,,,,,
46,"Logistic Regression",,,,,,,,,,,,,,,,,,,,,,,,,,,,,,,,,,,,,,,,,,,,,,,0,,,,,,,AUTO,false,4,false,false,0,0.0,true,3,0.001,true,false,true,true,true,MeanImputation,0,,,,,,,,,,,,,,,,,,,,,,,,,,,,,,,,,,,
46,"Apply Model",,,,,,,,,,,,,,,,,false,,,,,,,,,,,,,,,,,,,,,,,,,,,,,,,,,,,,,,,,,,,,,,,,,,,,,,,,,,,,,,,,,,,,,,,,,,,,,,,,,,,,,,,,
46,Performance,,,,,,,,,,,,,,,,,,,,,,,,,,,,,,,,,,,,,,,,true,,,,,,,,,,,,,,,,,,,,,,,,,,,,,,,,,,,,,,,,,,,,,,,,,,,,,,,,,,,,,,,,,
47,Retrieve,"//Local Repository/data/Titanic+Data",,,,,,,,,,,,,,,,,,,,,,,,,,,,,,,,,,,,,,,,,,,,,,,,,,,,,,,,,,,,,,,,,,,,,,,,,,,,,,,,,,,,,,,,,,,,,,,,,,,,,,,,
47,"Data Preparation",,,,,,,,,,,,,,,,,,,,,,,,,,,,,,,,,,,,,,,,,,,,,,,,,,,,,,,,,,,,,,,,,,,,,,,,,,,,,,,,,,,,,,,,,,,,,,,,,,,,,,,,,
47,"Select Attributes",,subset,,"Age|Survived|Sex|Port of Embarkation|Passenger Far",false,attribute_value,false,time,attribute_block,false,value_matrix_row_start,false,false,,,,,,,,,,,,,,,,,,,,,,,,,,,,,,,,,,,,,,,,,,,,,,,,,,,,,,,,,,,,,,,,,,,,,,,,,,,,,,,,,,,,,,,,,,,,
47,"Set Role",,,,,,,,,,,,,,Name,id,,,,,,,,,,,,,,,,,,,,,,,,,,,,,,,,,,,,,,,,,,,,,,,,,,,,,,,,,,,,,,,,,,,,,,,,,,,,,,,,,,,,,,,,,,
47,"Replace Missing Values",,single,Age,,false,attribute_value,false,time,attribute_block,false,value_matrix_row_start,false,false,,,false,false,average,,,,,,,,,,,,,,,,,,,,,,,,,,,,,,,,,,,,,,,,,,,,,,,,,,,,,,,,,,,,,,,,,,,,,,,,,,,,,,,,,,,,,,,
47,"Filter Examples",,,,,,,,,,,,,,,,,,,,custom_filters,false,true,true,,,,,,,,,,,,,,,,,,,,,,,,,,,,,,,,,,,,,,,,,,,,,,,,,,,,,,,,,,,,,,,,,,,,,,,,,,,,,,,,,,
47,"Nominal to Numerical",,all,,,false,nominal,false,file_path,single_value,false,single_value,false,false,,,false,false,,,,,,,,,,,,,,,,,,,,,,,,"dummy coding",false,"all 0 and warning",false,,,,,,,,,,,,,,,,,,,,,,,,,,,,,,,,,,,,,,,,,,,,,,,,,,,,,,,,,,,,,
47,"Cross Validation",,,,,,,,,,,,,,,,,,,,,,,,false,false,10,automatic,false,1992,true,,,,,,,,,,,,,,,,,,,,,,,,,,,,,,,,,,,,,,,,,,,,,,,,,,,,,,,,,,,,,,,,,,,,,,,,,,,
47,"Neural Net",,,,,,,,,,,,,,,,,,,,,,,,,,,,false,1992,,,,,,,,,,,,,,,,,,,,,,,,,,,,,,,,,,,,,,,,,,500,0.3,0.2,false,true,true,1.0E-5,,,,,,,,,,,,,,,,,,,,,,,,,,,,
47,"Apply Model",,,,,,,,,,,,,,,,,false,,,,,,,,,,,,,,,,,,,,,,,,,,,,,,,,,,,,,,,,,,,,,,,,,,,,,,,,,,,,,,,,,,,,,,,,,,,,,,,,,,,,,,,,
47,Performance,,,,,,,,,,,,,,,,,,,,,,,,,,,,,,,,,,,,,,,,true,,,,,,,,,,,,,,,,,,,,,,,,,,,,,,,,,,,,,,,,,,,,,,,,,,,,,,,,,,,,,,,,,
48,"Retrieve Titanic+Data","//Local Repository/data/Titanic+Data",,,,,,,,,,,,,,,,,,,,,,,,,,,,,,,,,,,,,,,,,,,,,,,,,,,,,,,,,,,,,,,,,,,,,,,,,,,,,,,,,,,,,,,,,,,,,,,,,,,,,,,,
48,"Set Role",,,,,,,,,,,,,,Survived,label,,,,,,,,,,,,,,,,,,,,,,,,,,,,,,,,,,,,,,,,,,,,,,,,,,,,,,,,,,,,,,,,,,,,,,,,,,,,,,,,,,,,,,,,,,
48,"Replace Missing Values",,all,,,false,attribute_value,false,time,attribute_block,false,value_matrix_row_start,false,false,,,false,false,average,,,,,,,,,,,,,,,,,,,,,,,,,,,,,,,,,,,,,,,,,,,,,,,,,,,,,,,,,,,,,,,,,,,,,,,,,,,,,,,,,,,,,,,
48,"Random Forest",,,,,,,,,,,,,,,,,,,,,,,,,,,,false,1992,,information_gain,20,true,0.25,true,0.1,2,4,3,,,,,,,,,,,,,,,,,,,,,,,,,,,,,,,,,,,,,,,10,true,0.2,"confidence vote",,,,,,,,,,,,,,,,,,,,,,,,
49,"Retrieve Titanic+Data","//Local Repository/data/Titanic+Data",,,,,,,,,,,,,,,,,,,,,,,,,,,,,,,,,,,,,,,,,,,,,,,,,,,,,,,,,,,,,,,,,,,,,,,,,,,,,,,,,,,,,,,,,,,,,,,,,,,,,,,,
49,"Set Role",,,,,,,,,,,,,,Survived,label,,,,,,,,,,,,,,,,,,,,,,,,,,,,,,,,,,,,,,,,,,,,,,,,,,,,,,,,,,,,,,,,,,,,,,,,,,,,,,,,,,,,,,,,,,
49,"Replace Missing Values",,all,,,false,attribute_value,false,time,attribute_block,false,value_matrix_row_start,false,false,,,false,false,average,,,,,,,,,,,,,,,,,,,,,,,,,,,,,,,,,,,,,,,,,,,,,,,,,,,,,,,,,,,,,,,,,,,,,,,,,,,,,,,,,,,,,,,
49,"Decision Tree",,,,,,,,,,,,,,,,,,,,,,,,,,,,,,,gini_index,10,false,0.25,true,0.1,2,4,3,,,,,,,,,,,,,,,,,,,,,,,,,,,,,,,,,,,,,,,,,,,,,,,,,,,,,,,,,,,,,,,,,,
50,"Retrieve Titanic+Data","//Local Repository/data/Titanic+Data",,,,,,,,,,,,,,,,,,,,,,,,,,,,,,,,,,,,,,,,,,,,,,,,,,,,,,,,,,,,,,,,,,,,,,,,,,,,,,,,,,,,,,,,,,,,,,,,,,,,,,,,
50,"Set Role",,,,,,,,,,,,,,Survived,label,,,,,,,,,,,,,,,,,,,,,,,,,,,,,,,,,,,,,,,,,,,,,,,,,,,,,,,,,,,,,,,,,,,,,,,,,,,,,,,,,,,,,,,,,,
50,"Decision Tree",,,,,,,,,,,,,,,,,,,,,,,,,,,,,,,gain_ratio,20,true,0.25,true,0.1,2,4,3,,,,,,,,,,,,,,,,,,,,,,,,,,,,,,,,,,,,,,,,,,,,,,,,,,,,,,,,,,,,,,,,,,
51,Retrieve,"//Local Repository/data/Titanic+Data",,,,,,,,,,,,,,,,,,,,,,,,,,,,,,,,,,,,,,,,,,,,,,,,,,,,,,,,,,,,,,,,,,,,,,,,,,,,,,,,,,,,,,,,,,,,,,,,,,,,,,,,
51,"Data Preparation",,,,,,,,,,,,,,,,,,,,,,,,,,,,,,,,,,,,,,,,,,,,,,,,,,,,,,,,,,,,,,,,,,,,,,,,,,,,,,,,,,,,,,,,,,,,,,,,,,,,,,,,,
51,"Select Attributes",,subset,,"Age|Survived|Sex|Port of Embarkation|Passenger Far",false,attribute_value,false,time,attribute_block,false,value_matrix_row_start,false,false,,,,,,,,,,,,,,,,,,,,,,,,,,,,,,,,,,,,,,,,,,,,,,,,,,,,,,,,,,,,,,,,,,,,,,,,,,,,,,,,,,,,,,,,,,,,
51,"Set Role",,,,,,,,,,,,,,Name,id,,,,,,,,,,,,,,,,,,,,,,,,,,,,,,,,,,,,,,,,,,,,,,,,,,,,,,,,,,,,,,,,,,,,,,,,,,,,,,,,,,,,,,,,,,
51,"Replace Missing Values",,single,Age,,false,attribute_value,false,time,attribute_block,false,value_matrix_row_start,false,false,,,false,false,average,,,,,,,,,,,,,,,,,,,,,,,,,,,,,,,,,,,,,,,,,,,,,,,,,,,,,,,,,,,,,,,,,,,,,,,,,,,,,,,,,,,,,,,
51,"Filter Examples",,,,,,,,,,,,,,,,,,,,custom_filters,false,true,true,,,,,,,,,,,,,,,,,,,,,,,,,,,,,,,,,,,,,,,,,,,,,,,,,,,,,,,,,,,,,,,,,,,,,,,,,,,,,,,,,,
51,"Nominal to Numerical",,all,,,false,nominal,false,file_path,single_value,false,single_value,false,false,,,false,false,,,,,,,,,,,,,,,,,,,,,,,,"dummy coding",false,"all 0 and warning",false,,,,,,,,,,,,,,,,,,,,,,,,,,,,,,,,,,,,,,,,,,,,,,,,,,,,,,,,,,,,,
51,"Cross Validation",,,,,,,,,,,,,,,,,,,,,,,,false,false,10,automatic,false,1992,true,,,,,,,,,,,,,,,,,,,,,,,,,,,,,,,,,,,,,,,,,,,,,,,,,,,,,,,,,,,,,,,,,,,,,,,,,,,
51,"Linear Regression",,,,,,,,,,,,,,,,,,,,,,,,,,,,,,,,,,,,,,,,,,,,,"M5 prime",0.05,10,0.05,0.05,true,0.05,true,1.0E-8,,,,,,,,,,,,,,,,,,,,,,,,,,,,,,,,,,,,,,,,,,,,,,,,,,,,
51,"Apply Model",,,,,,,,,,,,,,,,,false,,,,,,,,,,,,,,,,,,,,,,,,,,,,,,,,,,,,,,,,,,,,,,,,,,,,,,,,,,,,,,,,,,,,,,,,,,,,,,,,,,,,,,,,
51,Performance,,,,,,,,,,,,,,,,,,,,,,,,,,,,,,,,,,,,,,,,true,,,,,,,,,,,,,,,,,,,,,,,,,,,,,,,,,,,,,,,,,,,,,,,,,,,,,,,,,,,,,,,,,
52,Retrieve,"//Local Repository/data/Titanic+Data",,,,,,,,,,,,,,,,,,,,,,,,,,,,,,,,,,,,,,,,,,,,,,,,,,,,,,,,,,,,,,,,,,,,,,,,,,,,,,,,,,,,,,,,,,,,,,,,,,,,,,,,
52,"Data Preparation",,,,,,,,,,,,,,,,,,,,,,,,,,,,,,,,,,,,,,,,,,,,,,,,,,,,,,,,,,,,,,,,,,,,,,,,,,,,,,,,,,,,,,,,,,,,,,,,,,,,,,,,,
52,"Select Attributes",,subset,,"Age|Survived|Sex|Port of Embarkation|Passenger Far",false,attribute_value,false,time,attribute_block,false,value_matrix_row_start,false,false,,,,,,,,,,,,,,,,,,,,,,,,,,,,,,,,,,,,,,,,,,,,,,,,,,,,,,,,,,,,,,,,,,,,,,,,,,,,,,,,,,,,,,,,,,,,
52,"Set Role",,,,,,,,,,,,,,Name,id,,,,,,,,,,,,,,,,,,,,,,,,,,,,,,,,,,,,,,,,,,,,,,,,,,,,,,,,,,,,,,,,,,,,,,,,,,,,,,,,,,,,,,,,,,
52,"Replace Missing Values",,single,Age,,false,attribute_value,false,time,attribute_block,false,value_matrix_row_start,false,false,,,false,false,average,,,,,,,,,,,,,,,,,,,,,,,,,,,,,,,,,,,,,,,,,,,,,,,,,,,,,,,,,,,,,,,,,,,,,,,,,,,,,,,,,,,,,,,
52,"Filter Examples",,,,,,,,,,,,,,,,,,,,custom_filters,false,true,true,,,,,,,,,,,,,,,,,,,,,,,,,,,,,,,,,,,,,,,,,,,,,,,,,,,,,,,,,,,,,,,,,,,,,,,,,,,,,,,,,,
52,"Cross Validation",,,,,,,,,,,,,,,,,,,,,,,,false,false,10,automatic,false,1992,true,,,,,,,,,,,,,,,,,,,,,,,,,,,,,,,,,,,,,,,,,,,,,,,,,,,,,,,,,,,,,,,,,,,,,,,,,,,
52,"Logistic Regression",,,,,,,,,,,,,,,,,,,,,,,,,,,,,,,,,,,,,,,,,,,,,,,0,,,,,,,AUTO,false,4,false,false,0,0.0,true,3,0.001,true,false,true,true,true,MeanImputation,0,,,,,,,,,,,,,,,,,,,,,,,,,,,,,,,,,,,
52,"Apply Model",,,,,,,,,,,,,,,,,false,,,,,,,,,,,,,,,,,,,,,,,,,,,,,,,,,,,,,,,,,,,,,,,,,,,,,,,,,,,,,,,,,,,,,,,,,,,,,,,,,,,,,,,,
52,Performance,,,,,,,,,,,,,,,,,,,,,,,,,,,,,,,,,,,,,,,,true,,,,,,,,,,,,,,,,,,,,,,,,,,,,,,,,,,,,,,,,,,,,,,,,,,,,,,,,,,,,,,,,,
53,"Retrieve Titanic+Data","//Local Repository/data/Titanic+Data",,,,,,,,,,,,,,,,,,,,,,,,,,,,,,,,,,,,,,,,,,,,,,,,,,,,,,,,,,,,,,,,,,,,,,,,,,,,,,,,,,,,,,,,,,,,,,,,,,,,,,,,
53,"Select Attributes",,subset,,"Age|No of Parents or Children on Board|Passenger C",false,attribute_value,false,time,attribute_block,false,value_matrix_row_start,false,false,,,,,,,,,,,,,,,,,,,,,,,,,,,,,,,,,,,,,,,,,,,,,,,,,,,,,,,,,,,,,,,,,,,,,,,,,,,,,,,,,,,,,,,,,,,,
53,"Set Role",,,,,,,,,,,,,,Survived,label,,,,,,,,,,,,,,,,,,,,,,,,,,,,,,,,,,,,,,,,,,,,,,,,,,,,,,,,,,,,,,,,,,,,,,,,,,,,,,,,,,,,,,,,,,
53,"Decision Tree",,,,,,,,,,,,,,,,,,,,,,,,,,,,,,,information_gain,20,true,0.25,true,0.1,2,4,3,,,,,,,,,,,,,,,,,,,,,,,,,,,,,,,,,,,,,,,,,,,,,,,,,,,,,,,,,,,,,,,,,,
54,"Retrieve Titanic+Data","//Local Repository/data/Titanic+Data",,,,,,,,,,,,,,,,,,,,,,,,,,,,,,,,,,,,,,,,,,,,,,,,,,,,,,,,,,,,,,,,,,,,,,,,,,,,,,,,,,,,,,,,,,,,,,,,,,,,,,,,
54,"Select Attributes",,subset,,"Age|No of Parents or Children on Board|Passenger C",false,attribute_value,false,time,attribute_block,false,value_matrix_row_start,false,false,,,,,,,,,,,,,,,,,,,,,,,,,,,,,,,,,,,,,,,,,,,,,,,,,,,,,,,,,,,,,,,,,,,,,,,,,,,,,,,,,,,,,,,,,,,,
54,"Set Role",,,,,,,,,,,,,,Survived,label,,,,,,,,,,,,,,,,,,,,,,,,,,,,,,,,,,,,,,,,,,,,,,,,,,,,,,,,,,,,,,,,,,,,,,,,,,,,,,,,,,,,,,,,,,
54,"Replace Missing Values",,all,,,false,attribute_value,false,time,attribute_block,false,value_matrix_row_start,false,false,,,false,false,average,,,,,,,,,,,,,,,,,,,,,,,,,,,,,,,,,,,,,,,,,,,,,,,,,,,,,,,,,,,,,,,,,,,,,,,,,,,,,,,,,,,,,,,
54,"Decision Tree",,,,,,,,,,,,,,,,,,,,,,,,,,,,,,,information_gain,10,true,0.25,false,0.1,2,4,3,,,,,,,,,,,,,,,,,,,,,,,,,,,,,,,,,,,,,,,,,,,,,,,,,,,,,,,,,,,,,,,,,,
55,"Retrieve Titanic+Data","//Local Repository/data/Titanic+Data",,,,,,,,,,,,,,,,,,,,,,,,,,,,,,,,,,,,,,,,,,,,,,,,,,,,,,,,,,,,,,,,,,,,,,,,,,,,,,,,,,,,,,,,,,,,,,,,,,,,,,,,
55,"Set Role",,,,,,,,,,,,,,Survived,label,,,,,,,,,,,,,,,,,,,,,,,,,,,,,,,,,,,,,,,,,,,,,,,,,,,,,,,,,,,,,,,,,,,,,,,,,,,,,,,,,,,,,,,,,,
55,"Replace Missing Values",,all,,,false,attribute_value,false,time,attribute_block,false,value_matrix_row_start,false,false,,,false,false,average,,,,,,,,,,,,,,,,,,,,,,,,,,,,,,,,,,,,,,,,,,,,,,,,,,,,,,,,,,,,,,,,,,,,,,,,,,,,,,,,,,,,,,,
55,"Decision Tree",,,,,,,,,,,,,,,,,,,,,,,,,,,,,,,gini_index,10,false,0.25,true,0.1,2,4,3,,,,,,,,,,,,,,,,,,,,,,,,,,,,,,,,,,,,,,,,,,,,,,,,,,,,,,,,,,,,,,,,,,
56,"Retrieve Titanic+Data","//Local Repository/data/Titanic+Data",,,,,,,,,,,,,,,,,,,,,,,,,,,,,,,,,,,,,,,,,,,,,,,,,,,,,,,,,,,,,,,,,,,,,,,,,,,,,,,,,,,,,,,,,,,,,,,,,,,,,,,,
56,"Set Role",,,,,,,,,,,,,,Survived,label,,,,,,,,,,,,,,,,,,,,,,,,,,,,,,,,,,,,,,,,,,,,,,,,,,,,,,,,,,,,,,,,,,,,,,,,,,,,,,,,,,,,,,,,,,
56,"Decision Tree",,,,,,,,,,,,,,,,,,,,,,,,,,,,,,,gain_ratio,20,true,0.25,true,0.1,2,4,3,,,,,,,,,,,,,,,,,,,,,,,,,,,,,,,,,,,,,,,,,,,,,,,,,,,,,,,,,,,,,,,,,,
57,Retrieve,"//Local Repository/data/Titanic+Data",,,,,,,,,,,,,,,,,,,,,,,,,,,,,,,,,,,,,,,,,,,,,,,,,,,,,,,,,,,,,,,,,,,,,,,,,,,,,,,,,,,,,,,,,,,,,,,,,,,,,,,,
57,"Data Preparation",,,,,,,,,,,,,,,,,,,,,,,,,,,,,,,,,,,,,,,,,,,,,,,,,,,,,,,,,,,,,,,,,,,,,,,,,,,,,,,,,,,,,,,,,,,,,,,,,,,,,,,,,
57,"Select Attributes",,subset,,"Age|Survived|Sex|Port of Embarkation|Passenger Far",false,attribute_value,false,time,attribute_block,false,value_matrix_row_start,false,false,,,,,,,,,,,,,,,,,,,,,,,,,,,,,,,,,,,,,,,,,,,,,,,,,,,,,,,,,,,,,,,,,,,,,,,,,,,,,,,,,,,,,,,,,,,,
57,"Set Role",,,,,,,,,,,,,,Name,id,,,,,,,,,,,,,,,,,,,,,,,,,,,,,,,,,,,,,,,,,,,,,,,,,,,,,,,,,,,,,,,,,,,,,,,,,,,,,,,,,,,,,,,,,,
57,"Replace Missing Values",,single,Age,,false,attribute_value,false,time,attribute_block,false,value_matrix_row_start,false,false,,,false,false,average,,,,,,,,,,,,,,,,,,,,,,,,,,,,,,,,,,,,,,,,,,,,,,,,,,,,,,,,,,,,,,,,,,,,,,,,,,,,,,,,,,,,,,,
57,"Filter Examples",,,,,,,,,,,,,,,,,,,,custom_filters,false,true,true,,,,,,,,,,,,,,,,,,,,,,,,,,,,,,,,,,,,,,,,,,,,,,,,,,,,,,,,,,,,,,,,,,,,,,,,,,,,,,,,,,
57,"Nominal to Numerical",,all,,,false,nominal,false,file_path,single_value,false,single_value,false,false,,,false,false,,,,,,,,,,,,,,,,,,,,,,,,"dummy coding",false,"all 0 and warning",false,,,,,,,,,,,,,,,,,,,,,,,,,,,,,,,,,,,,,,,,,,,,,,,,,,,,,,,,,,,,,
57,"Cross Validation",,,,,,,,,,,,,,,,,,,,,,,,false,false,10,automatic,false,1992,true,,,,,,,,,,,,,,,,,,,,,,,,,,,,,,,,,,,,,,,,,,,,,,,,,,,,,,,,,,,,,,,,,,,,,,,,,,,
57,"Linear Regression",,,,,,,,,,,,,,,,,,,,,,,,,,,,,,,,,,,,,,,,,,,,,"M5 prime",0.05,10,0.05,0.05,true,0.05,true,1.0E-8,,,,,,,,,,,,,,,,,,,,,,,,,,,,,,,,,,,,,,,,,,,,,,,,,,,,
57,"Apply Model",,,,,,,,,,,,,,,,,false,,,,,,,,,,,,,,,,,,,,,,,,,,,,,,,,,,,,,,,,,,,,,,,,,,,,,,,,,,,,,,,,,,,,,,,,,,,,,,,,,,,,,,,,
57,Performance,,,,,,,,,,,,,,,,,,,,,,,,,,,,,,,,,,,,,,,,true,,,,,,,,,,,,,,,,,,,,,,,,,,,,,,,,,,,,,,,,,,,,,,,,,,,,,,,,,,,,,,,,,
58,Retrieve,"//Local Repository/data/Titanic+Data",,,,,,,,,,,,,,,,,,,,,,,,,,,,,,,,,,,,,,,,,,,,,,,,,,,,,,,,,,,,,,,,,,,,,,,,,,,,,,,,,,,,,,,,,,,,,,,,,,,,,,,,
58,"Data Preparation",,,,,,,,,,,,,,,,,,,,,,,,,,,,,,,,,,,,,,,,,,,,,,,,,,,,,,,,,,,,,,,,,,,,,,,,,,,,,,,,,,,,,,,,,,,,,,,,,,,,,,,,,
58,"Select Attributes",,subset,,"Age|Survived|Sex|Port of Embarkation|Passenger Far",false,attribute_value,false,time,attribute_block,false,value_matrix_row_start,false,false,,,,,,,,,,,,,,,,,,,,,,,,,,,,,,,,,,,,,,,,,,,,,,,,,,,,,,,,,,,,,,,,,,,,,,,,,,,,,,,,,,,,,,,,,,,,
58,"Set Role",,,,,,,,,,,,,,Name,id,,,,,,,,,,,,,,,,,,,,,,,,,,,,,,,,,,,,,,,,,,,,,,,,,,,,,,,,,,,,,,,,,,,,,,,,,,,,,,,,,,,,,,,,,,
58,"Replace Missing Values",,single,Age,,false,attribute_value,false,time,attribute_block,false,value_matrix_row_start,false,false,,,false,false,average,,,,,,,,,,,,,,,,,,,,,,,,,,,,,,,,,,,,,,,,,,,,,,,,,,,,,,,,,,,,,,,,,,,,,,,,,,,,,,,,,,,,,,,
58,"Filter Examples",,,,,,,,,,,,,,,,,,,,custom_filters,false,true,true,,,,,,,,,,,,,,,,,,,,,,,,,,,,,,,,,,,,,,,,,,,,,,,,,,,,,,,,,,,,,,,,,,,,,,,,,,,,,,,,,,
58,"Cross Validation",,,,,,,,,,,,,,,,,,,,,,,,false,false,10,automatic,false,1992,true,,,,,,,,,,,,,,,,,,,,,,,,,,,,,,,,,,,,,,,,,,,,,,,,,,,,,,,,,,,,,,,,,,,,,,,,,,,
58,"Logistic Regression",,,,,,,,,,,,,,,,,,,,,,,,,,,,,,,,,,,,,,,,,,,,,,,0,,,,,,,AUTO,false,4,false,false,0,0.0,true,3,0.001,true,false,true,true,true,MeanImputation,0,,,,,,,,,,,,,,,,,,,,,,,,,,,,,,,,,,,
58,"Apply Model",,,,,,,,,,,,,,,,,false,,,,,,,,,,,,,,,,,,,,,,,,,,,,,,,,,,,,,,,,,,,,,,,,,,,,,,,,,,,,,,,,,,,,,,,,,,,,,,,,,,,,,,,,
58,Performance,,,,,,,,,,,,,,,,,,,,,,,,,,,,,,,,,,,,,,,,true,,,,,,,,,,,,,,,,,,,,,,,,,,,,,,,,,,,,,,,,,,,,,,,,,,,,,,,,,,,,,,,,,
59,Retrieve,"//Local Repository/data/Titanic+Data",,,,,,,,,,,,,,,,,,,,,,,,,,,,,,,,,,,,,,,,,,,,,,,,,,,,,,,,,,,,,,,,,,,,,,,,,,,,,,,,,,,,,,,,,,,,,,,,,,,,,,,,
59,"Data Preparation",,,,,,,,,,,,,,,,,,,,,,,,,,,,,,,,,,,,,,,,,,,,,,,,,,,,,,,,,,,,,,,,,,,,,,,,,,,,,,,,,,,,,,,,,,,,,,,,,,,,,,,,,
59,"Select Attributes",,subset,,"Age|Survived|Sex|Port of Embarkation|Passenger Far",false,attribute_value,false,time,attribute_block,false,value_matrix_row_start,false,false,,,,,,,,,,,,,,,,,,,,,,,,,,,,,,,,,,,,,,,,,,,,,,,,,,,,,,,,,,,,,,,,,,,,,,,,,,,,,,,,,,,,,,,,,,,,
59,"Set Role",,,,,,,,,,,,,,Name,id,,,,,,,,,,,,,,,,,,,,,,,,,,,,,,,,,,,,,,,,,,,,,,,,,,,,,,,,,,,,,,,,,,,,,,,,,,,,,,,,,,,,,,,,,,
59,"Replace Missing Values",,single,Age,,false,attribute_value,false,time,attribute_block,false,value_matrix_row_start,false,false,,,false,false,average,,,,,,,,,,,,,,,,,,,,,,,,,,,,,,,,,,,,,,,,,,,,,,,,,,,,,,,,,,,,,,,,,,,,,,,,,,,,,,,,,,,,,,,
59,"Filter Examples",,,,,,,,,,,,,,,,,,,,custom_filters,false,true,true,,,,,,,,,,,,,,,,,,,,,,,,,,,,,,,,,,,,,,,,,,,,,,,,,,,,,,,,,,,,,,,,,,,,,,,,,,,,,,,,,,
59,"Nominal to Numerical",,all,,,false,nominal,false,file_path,single_value,false,single_value,false,false,,,false,false,,,,,,,,,,,,,,,,,,,,,,,,"dummy coding",false,"all 0 and warning",false,,,,,,,,,,,,,,,,,,,,,,,,,,,,,,,,,,,,,,,,,,,,,,,,,,,,,,,,,,,,,
59,"Cross Validation",,,,,,,,,,,,,,,,,,,,,,,,false,false,10,automatic,false,1992,true,,,,,,,,,,,,,,,,,,,,,,,,,,,,,,,,,,,,,,,,,,,,,,,,,,,,,,,,,,,,,,,,,,,,,,,,,,,
59,"Neural Net",,,,,,,,,,,,,,,,,,,,,,,,,,,,false,1992,,,,,,,,,,,,,,,,,,,,,,,,,,,,,,,,,,,,,,,,,,500,0.3,0.2,false,true,true,1.0E-5,,,,,,,,,,,,,,,,,,,,,,,,,,,,
59,"Apply Model",,,,,,,,,,,,,,,,,false,,,,,,,,,,,,,,,,,,,,,,,,,,,,,,,,,,,,,,,,,,,,,,,,,,,,,,,,,,,,,,,,,,,,,,,,,,,,,,,,,,,,,,,,
59,Performance,,,,,,,,,,,,,,,,,,,,,,,,,,,,,,,,,,,,,,,,true,,,,,,,,,,,,,,,,,,,,,,,,,,,,,,,,,,,,,,,,,,,,,,,,,,,,,,,,,,,,,,,,,
60,Retrieve,"//Local Repository/data/Titanic+Data",,,,,,,,,,,,,,,,,,,,,,,,,,,,,,,,,,,,,,,,,,,,,,,,,,,,,,,,,,,,,,,,,,,,,,,,,,,,,,,,,,,,,,,,,,,,,,,,,,,,,,,,
60,"Data Preparation",,,,,,,,,,,,,,,,,,,,,,,,,,,,,,,,,,,,,,,,,,,,,,,,,,,,,,,,,,,,,,,,,,,,,,,,,,,,,,,,,,,,,,,,,,,,,,,,,,,,,,,,,
60,"Select Attributes",,subset,,"Age|Survived|Sex|Port of Embarkation|Passenger Far",false,attribute_value,false,time,attribute_block,false,value_matrix_row_start,false,false,,,,,,,,,,,,,,,,,,,,,,,,,,,,,,,,,,,,,,,,,,,,,,,,,,,,,,,,,,,,,,,,,,,,,,,,,,,,,,,,,,,,,,,,,,,,
60,"Set Role",,,,,,,,,,,,,,Name,id,,,,,,,,,,,,,,,,,,,,,,,,,,,,,,,,,,,,,,,,,,,,,,,,,,,,,,,,,,,,,,,,,,,,,,,,,,,,,,,,,,,,,,,,,,
60,"Replace Missing Values",,single,Age,,false,attribute_value,false,time,attribute_block,false,value_matrix_row_start,false,false,,,false,false,average,,,,,,,,,,,,,,,,,,,,,,,,,,,,,,,,,,,,,,,,,,,,,,,,,,,,,,,,,,,,,,,,,,,,,,,,,,,,,,,,,,,,,,,
60,"Filter Examples",,,,,,,,,,,,,,,,,,,,custom_filters,false,true,true,,,,,,,,,,,,,,,,,,,,,,,,,,,,,,,,,,,,,,,,,,,,,,,,,,,,,,,,,,,,,,,,,,,,,,,,,,,,,,,,,,
60,"Cross Validation",,,,,,,,,,,,,,,,,,,,,,,,false,false,10,automatic,false,1992,true,,,,,,,,,,,,,,,,,,,,,,,,,,,,,,,,,,,,,,,,,,,,,,,,,,,,,,,,,,,,,,,,,,,,,,,,,,,
60,"Decision Tree",,,,,,,,,,,,,,,,,,,,,,,,,,,,,,,gain_ratio,20,true,0.25,true,0.1,2,4,3,,,,,,,,,,,,,,,,,,,,,,,,,,,,,,,,,,,,,,,,,,,,,,,,,,,,,,,,,,,,,,,,,,
60,"Apply Model",,,,,,,,,,,,,,,,,false,,,,,,,,,,,,,,,,,,,,,,,,,,,,,,,,,,,,,,,,,,,,,,,,,,,,,,,,,,,,,,,,,,,,,,,,,,,,,,,,,,,,,,,,
60,Performance,,,,,,,,,,,,,,,,,,,,,,,,,,,,,,,,,,,,,,,,true,,,,,,,,,,,,,,,,,,,,,,,,,,,,,,,,,,,,,,,,,,,,,,,,,,,,,,,,,,,,,,,,,
61,"Retrieve Titanic+Data","//Local Repository/data/Titanic+Data",,,,,,,,,,,,,,,,,,,,,,,,,,,,,,,,,,,,,,,,,,,,,,,,,,,,,,,,,,,,,,,,,,,,,,,,,,,,,,,,,,,,,,,,,,,,,,,,,,,,,,,,
61,"Select Attributes",,subset,,"Age|No of Parents or Children on Board|Passenger C",false,attribute_value,false,time,attribute_block,false,value_matrix_row_start,false,false,,,,,,,,,,,,,,,,,,,,,,,,,,,,,,,,,,,,,,,,,,,,,,,,,,,,,,,,,,,,,,,,,,,,,,,,,,,,,,,,,,,,,,,,,,,,
61,"Set Role",,,,,,,,,,,,,,Survived,label,,,,,,,,,,,,,,,,,,,,,,,,,,,,,,,,,,,,,,,,,,,,,,,,,,,,,,,,,,,,,,,,,,,,,,,,,,,,,,,,,,,,,,,,,,
61,"Decision Tree",,,,,,,,,,,,,,,,,,,,,,,,,,,,,,,information_gain,20,true,0.25,true,0.1,2,4,3,,,,,,,,,,,,,,,,,,,,,,,,,,,,,,,,,,,,,,,,,,,,,,,,,,,,,,,,,,,,,,,,,,
62,"Retrieve Titanic+Data","//Local Repository/data/Titanic+Data",,,,,,,,,,,,,,,,,,,,,,,,,,,,,,,,,,,,,,,,,,,,,,,,,,,,,,,,,,,,,,,,,,,,,,,,,,,,,,,,,,,,,,,,,,,,,,,,,,,,,,,,
62,"Select Attributes",,subset,,"Age|No of Parents or Children on Board|Passenger C",false,attribute_value,false,time,attribute_block,false,value_matrix_row_start,false,false,,,,,,,,,,,,,,,,,,,,,,,,,,,,,,,,,,,,,,,,,,,,,,,,,,,,,,,,,,,,,,,,,,,,,,,,,,,,,,,,,,,,,,,,,,,,
62,"Set Role",,,,,,,,,,,,,,Survived,label,,,,,,,,,,,,,,,,,,,,,,,,,,,,,,,,,,,,,,,,,,,,,,,,,,,,,,,,,,,,,,,,,,,,,,,,,,,,,,,,,,,,,,,,,,
62,"Replace Missing Values",,all,,,false,attribute_value,false,time,attribute_block,false,value_matrix_row_start,false,false,,,false,false,average,,,,,,,,,,,,,,,,,,,,,,,,,,,,,,,,,,,,,,,,,,,,,,,,,,,,,,,,,,,,,,,,,,,,,,,,,,,,,,,,,,,,,,,
62,"Decision Tree",,,,,,,,,,,,,,,,,,,,,,,,,,,,,,,information_gain,10,true,0.25,false,0.1,2,4,3,,,,,,,,,,,,,,,,,,,,,,,,,,,,,,,,,,,,,,,,,,,,,,,,,,,,,,,,,,,,,,,,,,
63,"Retrieve Titanic+Data","//Local Repository/data/Titanic+Data",,,,,,,,,,,,,,,,,,,,,,,,,,,,,,,,,,,,,,,,,,,,,,,,,,,,,,,,,,,,,,,,,,,,,,,,,,,,,,,,,,,,,,,,,,,,,,,,,,,,,,,,
63,"Set Role",,,,,,,,,,,,,,Survived,label,,,,,,,,,,,,,,,,,,,,,,,,,,,,,,,,,,,,,,,,,,,,,,,,,,,,,,,,,,,,,,,,,,,,,,,,,,,,,,,,,,,,,,,,,,
63,"Replace Missing Values",,all,,,false,attribute_value,false,time,attribute_block,false,value_matrix_row_start,false,false,,,false,false,average,,,,,,,,,,,,,,,,,,,,,,,,,,,,,,,,,,,,,,,,,,,,,,,,,,,,,,,,,,,,,,,,,,,,,,,,,,,,,,,,,,,,,,,
63,"Decision Tree",,,,,,,,,,,,,,,,,,,,,,,,,,,,,,,gini_index,10,false,0.25,true,0.1,2,4,3,,,,,,,,,,,,,,,,,,,,,,,,,,,,,,,,,,,,,,,,,,,,,,,,,,,,,,,,,,,,,,,,,,
64,"Retrieve Titanic+Data","//Local Repository/data/Titanic+Data",,,,,,,,,,,,,,,,,,,,,,,,,,,,,,,,,,,,,,,,,,,,,,,,,,,,,,,,,,,,,,,,,,,,,,,,,,,,,,,,,,,,,,,,,,,,,,,,,,,,,,,,
64,"Set Role",,,,,,,,,,,,,,Survived,label,,,,,,,,,,,,,,,,,,,,,,,,,,,,,,,,,,,,,,,,,,,,,,,,,,,,,,,,,,,,,,,,,,,,,,,,,,,,,,,,,,,,,,,,,,
64,"Decision Tree",,,,,,,,,,,,,,,,,,,,,,,,,,,,,,,gain_ratio,20,true,0.25,true,0.1,2,4,3,,,,,,,,,,,,,,,,,,,,,,,,,,,,,,,,,,,,,,,,,,,,,,,,,,,,,,,,,,,,,,,,,,
65,Retrieve,"//Local Repository/data/Titanic+Data",,,,,,,,,,,,,,,,,,,,,,,,,,,,,,,,,,,,,,,,,,,,,,,,,,,,,,,,,,,,,,,,,,,,,,,,,,,,,,,,,,,,,,,,,,,,,,,,,,,,,,,,
65,"Data Preparation",,,,,,,,,,,,,,,,,,,,,,,,,,,,,,,,,,,,,,,,,,,,,,,,,,,,,,,,,,,,,,,,,,,,,,,,,,,,,,,,,,,,,,,,,,,,,,,,,,,,,,,,,
65,"Select Attributes",,subset,,"Age|Survived|Sex|Port of Embarkation|Passenger Far",false,attribute_value,false,time,attribute_block,false,value_matrix_row_start,false,false,,,,,,,,,,,,,,,,,,,,,,,,,,,,,,,,,,,,,,,,,,,,,,,,,,,,,,,,,,,,,,,,,,,,,,,,,,,,,,,,,,,,,,,,,,,,
65,"Set Role",,,,,,,,,,,,,,Name,id,,,,,,,,,,,,,,,,,,,,,,,,,,,,,,,,,,,,,,,,,,,,,,,,,,,,,,,,,,,,,,,,,,,,,,,,,,,,,,,,,,,,,,,,,,
65,"Replace Missing Values",,single,Age,,false,attribute_value,false,time,attribute_block,false,value_matrix_row_start,false,false,,,false,false,average,,,,,,,,,,,,,,,,,,,,,,,,,,,,,,,,,,,,,,,,,,,,,,,,,,,,,,,,,,,,,,,,,,,,,,,,,,,,,,,,,,,,,,,
65,"Filter Examples",,,,,,,,,,,,,,,,,,,,custom_filters,false,true,true,,,,,,,,,,,,,,,,,,,,,,,,,,,,,,,,,,,,,,,,,,,,,,,,,,,,,,,,,,,,,,,,,,,,,,,,,,,,,,,,,,
65,"Nominal to Numerical",,all,,,false,nominal,false,file_path,single_value,false,single_value,false,false,,,false,false,,,,,,,,,,,,,,,,,,,,,,,,"dummy coding",false,"all 0 and warning",false,,,,,,,,,,,,,,,,,,,,,,,,,,,,,,,,,,,,,,,,,,,,,,,,,,,,,,,,,,,,,
65,"Cross Validation",,,,,,,,,,,,,,,,,,,,,,,,false,false,10,automatic,false,1992,true,,,,,,,,,,,,,,,,,,,,,,,,,,,,,,,,,,,,,,,,,,,,,,,,,,,,,,,,,,,,,,,,,,,,,,,,,,,
65,"Linear Regression",,,,,,,,,,,,,,,,,,,,,,,,,,,,,,,,,,,,,,,,,,,,,"M5 prime",0.05,10,0.05,0.05,true,0.05,true,1.0E-8,,,,,,,,,,,,,,,,,,,,,,,,,,,,,,,,,,,,,,,,,,,,,,,,,,,,
65,"Apply Model",,,,,,,,,,,,,,,,,false,,,,,,,,,,,,,,,,,,,,,,,,,,,,,,,,,,,,,,,,,,,,,,,,,,,,,,,,,,,,,,,,,,,,,,,,,,,,,,,,,,,,,,,,
65,Performance,,,,,,,,,,,,,,,,,,,,,,,,,,,,,,,,,,,,,,,,true,,,,,,,,,,,,,,,,,,,,,,,,,,,,,,,,,,,,,,,,,,,,,,,,,,,,,,,,,,,,,,,,,
66,Retrieve,"//Local Repository/data/Titanic+Data",,,,,,,,,,,,,,,,,,,,,,,,,,,,,,,,,,,,,,,,,,,,,,,,,,,,,,,,,,,,,,,,,,,,,,,,,,,,,,,,,,,,,,,,,,,,,,,,,,,,,,,,
66,"Data Preparation",,,,,,,,,,,,,,,,,,,,,,,,,,,,,,,,,,,,,,,,,,,,,,,,,,,,,,,,,,,,,,,,,,,,,,,,,,,,,,,,,,,,,,,,,,,,,,,,,,,,,,,,,
66,"Select Attributes",,subset,,"Age|Survived|Sex|Port of Embarkation|Passenger Far",false,attribute_value,false,time,attribute_block,false,value_matrix_row_start,false,false,,,,,,,,,,,,,,,,,,,,,,,,,,,,,,,,,,,,,,,,,,,,,,,,,,,,,,,,,,,,,,,,,,,,,,,,,,,,,,,,,,,,,,,,,,,,
66,"Set Role",,,,,,,,,,,,,,Name,id,,,,,,,,,,,,,,,,,,,,,,,,,,,,,,,,,,,,,,,,,,,,,,,,,,,,,,,,,,,,,,,,,,,,,,,,,,,,,,,,,,,,,,,,,,
66,"Replace Missing Values",,single,Age,,false,attribute_value,false,time,attribute_block,false,value_matrix_row_start,false,false,,,false,false,average,,,,,,,,,,,,,,,,,,,,,,,,,,,,,,,,,,,,,,,,,,,,,,,,,,,,,,,,,,,,,,,,,,,,,,,,,,,,,,,,,,,,,,,
66,"Filter Examples",,,,,,,,,,,,,,,,,,,,custom_filters,false,true,true,,,,,,,,,,,,,,,,,,,,,,,,,,,,,,,,,,,,,,,,,,,,,,,,,,,,,,,,,,,,,,,,,,,,,,,,,,,,,,,,,,
66,"Cross Validation",,,,,,,,,,,,,,,,,,,,,,,,false,false,10,automatic,false,1992,true,,,,,,,,,,,,,,,,,,,,,,,,,,,,,,,,,,,,,,,,,,,,,,,,,,,,,,,,,,,,,,,,,,,,,,,,,,,
66,"Logistic Regression",,,,,,,,,,,,,,,,,,,,,,,,,,,,,,,,,,,,,,,,,,,,,,,0,,,,,,,AUTO,false,4,false,false,0,0.0,true,3,0.001,true,false,true,true,true,MeanImputation,0,,,,,,,,,,,,,,,,,,,,,,,,,,,,,,,,,,,
66,"Apply Model",,,,,,,,,,,,,,,,,false,,,,,,,,,,,,,,,,,,,,,,,,,,,,,,,,,,,,,,,,,,,,,,,,,,,,,,,,,,,,,,,,,,,,,,,,,,,,,,,,,,,,,,,,
66,Performance,,,,,,,,,,,,,,,,,,,,,,,,,,,,,,,,,,,,,,,,true,,,,,,,,,,,,,,,,,,,,,,,,,,,,,,,,,,,,,,,,,,,,,,,,,,,,,,,,,,,,,,,,,
67,Retrieve,"//Local Repository/data/Titanic+Data",,,,,,,,,,,,,,,,,,,,,,,,,,,,,,,,,,,,,,,,,,,,,,,,,,,,,,,,,,,,,,,,,,,,,,,,,,,,,,,,,,,,,,,,,,,,,,,,,,,,,,,,
67,"Data Preparation",,,,,,,,,,,,,,,,,,,,,,,,,,,,,,,,,,,,,,,,,,,,,,,,,,,,,,,,,,,,,,,,,,,,,,,,,,,,,,,,,,,,,,,,,,,,,,,,,,,,,,,,,
67,"Select Attributes",,subset,,"Age|Survived|Sex|Port of Embarkation|Passenger Far",false,attribute_value,false,time,attribute_block,false,value_matrix_row_start,false,false,,,,,,,,,,,,,,,,,,,,,,,,,,,,,,,,,,,,,,,,,,,,,,,,,,,,,,,,,,,,,,,,,,,,,,,,,,,,,,,,,,,,,,,,,,,,
67,"Set Role",,,,,,,,,,,,,,Name,id,,,,,,,,,,,,,,,,,,,,,,,,,,,,,,,,,,,,,,,,,,,,,,,,,,,,,,,,,,,,,,,,,,,,,,,,,,,,,,,,,,,,,,,,,,
67,"Replace Missing Values",,single,Age,,false,attribute_value,false,time,attribute_block,false,value_matrix_row_start,false,false,,,false,false,average,,,,,,,,,,,,,,,,,,,,,,,,,,,,,,,,,,,,,,,,,,,,,,,,,,,,,,,,,,,,,,,,,,,,,,,,,,,,,,,,,,,,,,,
67,"Filter Examples",,,,,,,,,,,,,,,,,,,,custom_filters,false,true,true,,,,,,,,,,,,,,,,,,,,,,,,,,,,,,,,,,,,,,,,,,,,,,,,,,,,,,,,,,,,,,,,,,,,,,,,,,,,,,,,,,
67,"Nominal to Numerical",,all,,,false,nominal,false,file_path,single_value,false,single_value,false,false,,,false,false,,,,,,,,,,,,,,,,,,,,,,,,"dummy coding",false,"all 0 and warning",false,,,,,,,,,,,,,,,,,,,,,,,,,,,,,,,,,,,,,,,,,,,,,,,,,,,,,,,,,,,,,
67,"Cross Validation",,,,,,,,,,,,,,,,,,,,,,,,false,false,10,automatic,false,1992,true,,,,,,,,,,,,,,,,,,,,,,,,,,,,,,,,,,,,,,,,,,,,,,,,,,,,,,,,,,,,,,,,,,,,,,,,,,,
67,"Neural Net",,,,,,,,,,,,,,,,,,,,,,,,,,,,false,1992,,,,,,,,,,,,,,,,,,,,,,,,,,,,,,,,,,,,,,,,,,500,0.3,0.2,false,true,true,1.0E-5,,,,,,,,,,,,,,,,,,,,,,,,,,,,
67,"Apply Model",,,,,,,,,,,,,,,,,false,,,,,,,,,,,,,,,,,,,,,,,,,,,,,,,,,,,,,,,,,,,,,,,,,,,,,,,,,,,,,,,,,,,,,,,,,,,,,,,,,,,,,,,,
67,Performance,,,,,,,,,,,,,,,,,,,,,,,,,,,,,,,,,,,,,,,,true,,,,,,,,,,,,,,,,,,,,,,,,,,,,,,,,,,,,,,,,,,,,,,,,,,,,,,,,,,,,,,,,,
68,Retrieve,"//Local Repository/data/Titanic+Data",,,,,,,,,,,,,,,,,,,,,,,,,,,,,,,,,,,,,,,,,,,,,,,,,,,,,,,,,,,,,,,,,,,,,,,,,,,,,,,,,,,,,,,,,,,,,,,,,,,,,,,,
68,"Data Preparation",,,,,,,,,,,,,,,,,,,,,,,,,,,,,,,,,,,,,,,,,,,,,,,,,,,,,,,,,,,,,,,,,,,,,,,,,,,,,,,,,,,,,,,,,,,,,,,,,,,,,,,,,
68,"Select Attributes",,subset,,"Age|Survived|Sex|Port of Embarkation|Passenger Far",false,attribute_value,false,time,attribute_block,false,value_matrix_row_start,false,false,,,,,,,,,,,,,,,,,,,,,,,,,,,,,,,,,,,,,,,,,,,,,,,,,,,,,,,,,,,,,,,,,,,,,,,,,,,,,,,,,,,,,,,,,,,,
68,"Set Role",,,,,,,,,,,,,,Name,id,,,,,,,,,,,,,,,,,,,,,,,,,,,,,,,,,,,,,,,,,,,,,,,,,,,,,,,,,,,,,,,,,,,,,,,,,,,,,,,,,,,,,,,,,,
68,"Replace Missing Values",,single,Age,,false,attribute_value,false,time,attribute_block,false,value_matrix_row_start,false,false,,,false,false,average,,,,,,,,,,,,,,,,,,,,,,,,,,,,,,,,,,,,,,,,,,,,,,,,,,,,,,,,,,,,,,,,,,,,,,,,,,,,,,,,,,,,,,,
68,"Filter Examples",,,,,,,,,,,,,,,,,,,,custom_filters,false,true,true,,,,,,,,,,,,,,,,,,,,,,,,,,,,,,,,,,,,,,,,,,,,,,,,,,,,,,,,,,,,,,,,,,,,,,,,,,,,,,,,,,
68,"Nominal to Numerical",,all,,,false,nominal,false,file_path,single_value,false,single_value,false,false,,,false,false,,,,,,,,,,,,,,,,,,,,,,,,"dummy coding",false,"all 0 and warning",false,,,,,,,,,,,,,,,,,,,,,,,,,,,,,,,,,,,,,,,,,,,,,,,,,,,,,,,,,,,,,
68,"Cross Validation",,,,,,,,,,,,,,,,,,,,,,,,false,false,10,automatic,false,1992,true,,,,,,,,,,,,,,,,,,,,,,,,,,,,,,,,,,,,,,,,,,,,,,,,,,,,,,,,,,,,,,,,,,,,,,,,,,,
68,"Linear Regression",,,,,,,,,,,,,,,,,,,,,,,,,,,,,,,,,,,,,,,,,,,,,"M5 prime",0.05,10,0.05,0.05,true,0.05,true,1.0E-8,,,,,,,,,,,,,,,,,,,,,,,,,,,,,,,,,,,,,,,,,,,,,,,,,,,,
68,"Apply Model",,,,,,,,,,,,,,,,,false,,,,,,,,,,,,,,,,,,,,,,,,,,,,,,,,,,,,,,,,,,,,,,,,,,,,,,,,,,,,,,,,,,,,,,,,,,,,,,,,,,,,,,,,
68,Performance,,,,,,,,,,,,,,,,,,,,,,,,,,,,,,,,,,,,,,,,true,,,,,,,,,,,,,,,,,,,,,,,,,,,,,,,,,,,,,,,,,,,,,,,,,,,,,,,,,,,,,,,,,
69,Retrieve,"//Local Repository/data/Titanic+Data",,,,,,,,,,,,,,,,,,,,,,,,,,,,,,,,,,,,,,,,,,,,,,,,,,,,,,,,,,,,,,,,,,,,,,,,,,,,,,,,,,,,,,,,,,,,,,,,,,,,,,,,
69,"Data Preparation",,,,,,,,,,,,,,,,,,,,,,,,,,,,,,,,,,,,,,,,,,,,,,,,,,,,,,,,,,,,,,,,,,,,,,,,,,,,,,,,,,,,,,,,,,,,,,,,,,,,,,,,,
69,"Select Attributes",,subset,,"Age|Survived|Sex|Port of Embarkation|Passenger Far",false,attribute_value,false,time,attribute_block,false,value_matrix_row_start,false,false,,,,,,,,,,,,,,,,,,,,,,,,,,,,,,,,,,,,,,,,,,,,,,,,,,,,,,,,,,,,,,,,,,,,,,,,,,,,,,,,,,,,,,,,,,,,
69,"Set Role",,,,,,,,,,,,,,Name,id,,,,,,,,,,,,,,,,,,,,,,,,,,,,,,,,,,,,,,,,,,,,,,,,,,,,,,,,,,,,,,,,,,,,,,,,,,,,,,,,,,,,,,,,,,
69,"Replace Missing Values",,single,Age,,false,attribute_value,false,time,attribute_block,false,value_matrix_row_start,false,false,,,false,false,average,,,,,,,,,,,,,,,,,,,,,,,,,,,,,,,,,,,,,,,,,,,,,,,,,,,,,,,,,,,,,,,,,,,,,,,,,,,,,,,,,,,,,,,
69,"Filter Examples",,,,,,,,,,,,,,,,,,,,custom_filters,false,true,true,,,,,,,,,,,,,,,,,,,,,,,,,,,,,,,,,,,,,,,,,,,,,,,,,,,,,,,,,,,,,,,,,,,,,,,,,,,,,,,,,,
69,"Cross Validation",,,,,,,,,,,,,,,,,,,,,,,,false,false,10,automatic,false,1992,true,,,,,,,,,,,,,,,,,,,,,,,,,,,,,,,,,,,,,,,,,,,,,,,,,,,,,,,,,,,,,,,,,,,,,,,,,,,
69,"Logistic Regression",,,,,,,,,,,,,,,,,,,,,,,,,,,,,,,,,,,,,,,,,,,,,,,0,,,,,,,AUTO,false,4,false,false,0,0.0,true,3,0.001,true,false,true,true,true,MeanImputation,0,,,,,,,,,,,,,,,,,,,,,,,,,,,,,,,,,,,
69,"Apply Model",,,,,,,,,,,,,,,,,false,,,,,,,,,,,,,,,,,,,,,,,,,,,,,,,,,,,,,,,,,,,,,,,,,,,,,,,,,,,,,,,,,,,,,,,,,,,,,,,,,,,,,,,,
69,Performance,,,,,,,,,,,,,,,,,,,,,,,,,,,,,,,,,,,,,,,,true,,,,,,,,,,,,,,,,,,,,,,,,,,,,,,,,,,,,,,,,,,,,,,,,,,,,,,,,,,,,,,,,,
70,Retrieve,"//Local Repository/data/Titanic+Data",,,,,,,,,,,,,,,,,,,,,,,,,,,,,,,,,,,,,,,,,,,,,,,,,,,,,,,,,,,,,,,,,,,,,,,,,,,,,,,,,,,,,,,,,,,,,,,,,,,,,,,,
70,"Data Preparation",,,,,,,,,,,,,,,,,,,,,,,,,,,,,,,,,,,,,,,,,,,,,,,,,,,,,,,,,,,,,,,,,,,,,,,,,,,,,,,,,,,,,,,,,,,,,,,,,,,,,,,,,
70,"Select Attributes",,subset,,"Age|Survived|Sex|Port of Embarkation|Passenger Far",false,attribute_value,false,time,attribute_block,false,value_matrix_row_start,false,false,,,,,,,,,,,,,,,,,,,,,,,,,,,,,,,,,,,,,,,,,,,,,,,,,,,,,,,,,,,,,,,,,,,,,,,,,,,,,,,,,,,,,,,,,,,,
70,"Set Role",,,,,,,,,,,,,,Name,id,,,,,,,,,,,,,,,,,,,,,,,,,,,,,,,,,,,,,,,,,,,,,,,,,,,,,,,,,,,,,,,,,,,,,,,,,,,,,,,,,,,,,,,,,,
70,"Replace Missing Values",,single,Age,,false,attribute_value,false,time,attribute_block,false,value_matrix_row_start,false,false,,,false,false,average,,,,,,,,,,,,,,,,,,,,,,,,,,,,,,,,,,,,,,,,,,,,,,,,,,,,,,,,,,,,,,,,,,,,,,,,,,,,,,,,,,,,,,,
70,"Filter Examples",,,,,,,,,,,,,,,,,,,,custom_filters,false,true,true,,,,,,,,,,,,,,,,,,,,,,,,,,,,,,,,,,,,,,,,,,,,,,,,,,,,,,,,,,,,,,,,,,,,,,,,,,,,,,,,,,
70,"Nominal to Numerical",,all,,,false,nominal,false,file_path,single_value,false,single_value,false,false,,,false,false,,,,,,,,,,,,,,,,,,,,,,,,"dummy coding",false,"all 0 and warning",false,,,,,,,,,,,,,,,,,,,,,,,,,,,,,,,,,,,,,,,,,,,,,,,,,,,,,,,,,,,,,
70,"Cross Validation",,,,,,,,,,,,,,,,,,,,,,,,false,false,10,automatic,false,1992,true,,,,,,,,,,,,,,,,,,,,,,,,,,,,,,,,,,,,,,,,,,,,,,,,,,,,,,,,,,,,,,,,,,,,,,,,,,,
70,"Neural Net",,,,,,,,,,,,,,,,,,,,,,,,,,,,false,1992,,,,,,,,,,,,,,,,,,,,,,,,,,,,,,,,,,,,,,,,,,500,0.3,0.2,false,true,true,1.0E-5,,,,,,,,,,,,,,,,,,,,,,,,,,,,
70,"Apply Model",,,,,,,,,,,,,,,,,false,,,,,,,,,,,,,,,,,,,,,,,,,,,,,,,,,,,,,,,,,,,,,,,,,,,,,,,,,,,,,,,,,,,,,,,,,,,,,,,,,,,,,,,,
70,Performance,,,,,,,,,,,,,,,,,,,,,,,,,,,,,,,,,,,,,,,,true,,,,,,,,,,,,,,,,,,,,,,,,,,,,,,,,,,,,,,,,,,,,,,,,,,,,,,,,,,,,,,,,,
71,"Retrieve Titanic+Data","//Local Repository/data/Titanic+Data",,,,,,,,,,,,,,,,,,,,,,,,,,,,,,,,,,,,,,,,,,,,,,,,,,,,,,,,,,,,,,,,,,,,,,,,,,,,,,,,,,,,,,,,,,,,,,,,,,,,,,,,
71,"Set Role",,,,,,,,,,,,,,Survived,label,,,,,,,,,,,,,,,,,,,,,,,,,,,,,,,,,,,,,,,,,,,,,,,,,,,,,,,,,,,,,,,,,,,,,,,,,,,,,,,,,,,,,,,,,,
71,"Replace Missing Values",,all,,,false,attribute_value,false,time,attribute_block,false,value_matrix_row_start,false,false,,,false,false,average,,,,,,,,,,,,,,,,,,,,,,,,,,,,,,,,,,,,,,,,,,,,,,,,,,,,,,,,,,,,,,,,,,,,,,,,,,,,,,,,,,,,,,,
71,"Random Forest",,,,,,,,,,,,,,,,,,,,,,,,,,,,false,1992,,information_gain,20,true,0.25,true,0.1,2,4,3,,,,,,,,,,,,,,,,,,,,,,,,,,,,,,,,,,,,,,,10,true,0.2,"confidence vote",,,,,,,,,,,,,,,,,,,,,,,,
72,Retrieve,"//Local Repository/data/Titanic+Data",,,,,,,,,,,,,,,,,,,,,,,,,,,,,,,,,,,,,,,,,,,,,,,,,,,,,,,,,,,,,,,,,,,,,,,,,,,,,,,,,,,,,,,,,,,,,,,,,,,,,,,,
72,"Data Preparation",,,,,,,,,,,,,,,,,,,,,,,,,,,,,,,,,,,,,,,,,,,,,,,,,,,,,,,,,,,,,,,,,,,,,,,,,,,,,,,,,,,,,,,,,,,,,,,,,,,,,,,,,
72,"Select Attributes",,subset,,"Age|Survived|Sex|Port of Embarkation|Passenger Far",false,attribute_value,false,time,attribute_block,false,value_matrix_row_start,false,false,,,,,,,,,,,,,,,,,,,,,,,,,,,,,,,,,,,,,,,,,,,,,,,,,,,,,,,,,,,,,,,,,,,,,,,,,,,,,,,,,,,,,,,,,,,,
72,"Set Role",,,,,,,,,,,,,,Name,id,,,,,,,,,,,,,,,,,,,,,,,,,,,,,,,,,,,,,,,,,,,,,,,,,,,,,,,,,,,,,,,,,,,,,,,,,,,,,,,,,,,,,,,,,,
72,"Replace Missing Values",,single,Age,,false,attribute_value,false,time,attribute_block,false,value_matrix_row_start,false,false,,,false,false,average,,,,,,,,,,,,,,,,,,,,,,,,,,,,,,,,,,,,,,,,,,,,,,,,,,,,,,,,,,,,,,,,,,,,,,,,,,,,,,,,,,,,,,,
72,"Filter Examples",,,,,,,,,,,,,,,,,,,,custom_filters,false,true,true,,,,,,,,,,,,,,,,,,,,,,,,,,,,,,,,,,,,,,,,,,,,,,,,,,,,,,,,,,,,,,,,,,,,,,,,,,,,,,,,,,
72,"Nominal to Numerical",,all,,,false,nominal,false,file_path,single_value,false,single_value,false,false,,,false,false,,,,,,,,,,,,,,,,,,,,,,,,"dummy coding",false,"all 0 and warning",false,,,,,,,,,,,,,,,,,,,,,,,,,,,,,,,,,,,,,,,,,,,,,,,,,,,,,,,,,,,,,
72,"Cross Validation",,,,,,,,,,,,,,,,,,,,,,,,false,false,10,automatic,false,1992,true,,,,,,,,,,,,,,,,,,,,,,,,,,,,,,,,,,,,,,,,,,,,,,,,,,,,,,,,,,,,,,,,,,,,,,,,,,,
72,SVM,,,,,,,,,,,,,,,,,,,,,,,,,,,,,,,,,,,,,,,,,,,,,,,100000,,,,,,,,,,,,,,,,,,,,,,,,,,,,,,,,,,,dot,1.0,1.0,0.0,2.0,1.0,2.0,1.0,0.0,200,0.0,0.001,true,true,true,1.0,1.0,0.0,0.0,0.0,false,false,false,false
72,"Apply Model",,,,,,,,,,,,,,,,,false,,,,,,,,,,,,,,,,,,,,,,,,,,,,,,,,,,,,,,,,,,,,,,,,,,,,,,,,,,,,,,,,,,,,,,,,,,,,,,,,,,,,,,,,
72,Performance,,,,,,,,,,,,,,,,,,,,,,,,,,,,,,,,,,,,,,,,true,,,,,,,,,,,,,,,,,,,,,,,,,,,,,,,,,,,,,,,,,,,,,,,,,,,,,,,,,,,,,,,,,
73,Retrieve,"//Local Repository/data/Titanic+Data",,,,,,,,,,,,,,,,,,,,,,,,,,,,,,,,,,,,,,,,,,,,,,,,,,,,,,,,,,,,,,,,,,,,,,,,,,,,,,,,,,,,,,,,,,,,,,,,,,,,,,,,
73,"Data Preparation",,,,,,,,,,,,,,,,,,,,,,,,,,,,,,,,,,,,,,,,,,,,,,,,,,,,,,,,,,,,,,,,,,,,,,,,,,,,,,,,,,,,,,,,,,,,,,,,,,,,,,,,,
73,"Select Attributes",,subset,,"Age|Survived|Sex|Port of Embarkation|Passenger Far",false,attribute_value,false,time,attribute_block,false,value_matrix_row_start,false,false,,,,,,,,,,,,,,,,,,,,,,,,,,,,,,,,,,,,,,,,,,,,,,,,,,,,,,,,,,,,,,,,,,,,,,,,,,,,,,,,,,,,,,,,,,,,
73,"Set Role",,,,,,,,,,,,,,Name,id,,,,,,,,,,,,,,,,,,,,,,,,,,,,,,,,,,,,,,,,,,,,,,,,,,,,,,,,,,,,,,,,,,,,,,,,,,,,,,,,,,,,,,,,,,
73,"Replace Missing Values",,single,Age,,false,attribute_value,false,time,attribute_block,false,value_matrix_row_start,false,false,,,false,false,average,,,,,,,,,,,,,,,,,,,,,,,,,,,,,,,,,,,,,,,,,,,,,,,,,,,,,,,,,,,,,,,,,,,,,,,,,,,,,,,,,,,,,,,
73,"Filter Examples",,,,,,,,,,,,,,,,,,,,custom_filters,false,true,true,,,,,,,,,,,,,,,,,,,,,,,,,,,,,,,,,,,,,,,,,,,,,,,,,,,,,,,,,,,,,,,,,,,,,,,,,,,,,,,,,,
73,"Nominal to Numerical",,all,,,false,nominal,false,file_path,single_value,false,single_value,false,false,,,false,false,,,,,,,,,,,,,,,,,,,,,,,,"dummy coding",false,"all 0 and warning",false,,,,,,,,,,,,,,,,,,,,,,,,,,,,,,,,,,,,,,,,,,,,,,,,,,,,,,,,,,,,,
73,"Cross Validation",,,,,,,,,,,,,,,,,,,,,,,,false,false,10,automatic,false,1992,true,,,,,,,,,,,,,,,,,,,,,,,,,,,,,,,,,,,,,,,,,,,,,,,,,,,,,,,,,,,,,,,,,,,,,,,,,,,
73,"Replace Missing Values (2)",,all,,,false,attribute_value,false,time,attribute_block,false,value_matrix_row_start,false,false,,,false,false,average,,,,,,,,,,,,,,,,,,,,,,,,,,,,,,,,,,,,,,,,,,,,,,,,,,,,,,,,,,,,,,,,,,,,,,,,,,,,,,,,,,,,,,,
73,SVM,,,,,,,,,,,,,,,,,,,,,,,,,,,,,,,,,,,,,,,,,,,,,,,100000,,,,,,,,,,,,,,,,,,,,,,,,,,,,,,,,,,,dot,1.0,1.0,0.0,2.0,1.0,2.0,1.0,0.0,200,0.0,0.001,true,true,true,1.0,1.0,0.0,0.0,0.0,false,false,false,false
73,"Apply Model",,,,,,,,,,,,,,,,,false,,,,,,,,,,,,,,,,,,,,,,,,,,,,,,,,,,,,,,,,,,,,,,,,,,,,,,,,,,,,,,,,,,,,,,,,,,,,,,,,,,,,,,,,
73,Performance,,,,,,,,,,,,,,,,,,,,,,,,,,,,,,,,,,,,,,,,true,,,,,,,,,,,,,,,,,,,,,,,,,,,,,,,,,,,,,,,,,,,,,,,,,,,,,,,,,,,,,,,,,
74,"Retrieve Titanic+Data","//Local Repository/data/Titanic+Data",,,,,,,,,,,,,,,,,,,,,,,,,,,,,,,,,,,,,,,,,,,,,,,,,,,,,,,,,,,,,,,,,,,,,,,,,,,,,,,,,,,,,,,,,,,,,,,,,,,,,,,,
74,"Set Role",,,,,,,,,,,,,,Survived,label,,,,,,,,,,,,,,,,,,,,,,,,,,,,,,,,,,,,,,,,,,,,,,,,,,,,,,,,,,,,,,,,,,,,,,,,,,,,,,,,,,,,,,,,,,
74,"Decision Tree",,,,,,,,,,,,,,,,,,,,,,,,,,,,,,,gain_ratio,20,true,0.25,true,0.1,2,4,3,,,,,,,,,,,,,,,,,,,,,,,,,,,,,,,,,,,,,,,,,,,,,,,,,,,,,,,,,,,,,,,,,,
75,Retrieve,"//Local Repository/data/Titanic+Data",,,,,,,,,,,,,,,,,,,,,,,,,,,,,,,,,,,,,,,,,,,,,,,,,,,,,,,,,,,,,,,,,,,,,,,,,,,,,,,,,,,,,,,,,,,,,,,,,,,,,,,,
75,"Data Preparation",,,,,,,,,,,,,,,,,,,,,,,,,,,,,,,,,,,,,,,,,,,,,,,,,,,,,,,,,,,,,,,,,,,,,,,,,,,,,,,,,,,,,,,,,,,,,,,,,,,,,,,,,
75,"Select Attributes",,subset,,"Age|Survived|Sex|Port of Embarkation|Passenger Far",false,attribute_value,false,time,attribute_block,false,value_matrix_row_start,false,false,,,,,,,,,,,,,,,,,,,,,,,,,,,,,,,,,,,,,,,,,,,,,,,,,,,,,,,,,,,,,,,,,,,,,,,,,,,,,,,,,,,,,,,,,,,,
75,"Set Role",,,,,,,,,,,,,,Name,id,,,,,,,,,,,,,,,,,,,,,,,,,,,,,,,,,,,,,,,,,,,,,,,,,,,,,,,,,,,,,,,,,,,,,,,,,,,,,,,,,,,,,,,,,,
75,"Replace Missing Values",,single,Age,,false,attribute_value,false,time,attribute_block,false,value_matrix_row_start,false,false,,,false,false,average,,,,,,,,,,,,,,,,,,,,,,,,,,,,,,,,,,,,,,,,,,,,,,,,,,,,,,,,,,,,,,,,,,,,,,,,,,,,,,,,,,,,,,,
75,"Filter Examples",,,,,,,,,,,,,,,,,,,,custom_filters,false,true,true,,,,,,,,,,,,,,,,,,,,,,,,,,,,,,,,,,,,,,,,,,,,,,,,,,,,,,,,,,,,,,,,,,,,,,,,,,,,,,,,,,
75,"Nominal to Numerical",,all,,,false,nominal,false,file_path,single_value,false,single_value,false,false,,,false,false,,,,,,,,,,,,,,,,,,,,,,,,"dummy coding",false,"all 0 and warning",false,,,,,,,,,,,,,,,,,,,,,,,,,,,,,,,,,,,,,,,,,,,,,,,,,,,,,,,,,,,,,
75,"Cross Validation",,,,,,,,,,,,,,,,,,,,,,,,false,false,10,automatic,false,1992,true,,,,,,,,,,,,,,,,,,,,,,,,,,,,,,,,,,,,,,,,,,,,,,,,,,,,,,,,,,,,,,,,,,,,,,,,,,,
75,"Linear Regression",,,,,,,,,,,,,,,,,,,,,,,,,,,,,,,,,,,,,,,,,,,,,"M5 prime",0.05,10,0.05,0.05,true,0.05,true,1.0E-8,,,,,,,,,,,,,,,,,,,,,,,,,,,,,,,,,,,,,,,,,,,,,,,,,,,,
75,"Apply Model",,,,,,,,,,,,,,,,,false,,,,,,,,,,,,,,,,,,,,,,,,,,,,,,,,,,,,,,,,,,,,,,,,,,,,,,,,,,,,,,,,,,,,,,,,,,,,,,,,,,,,,,,,
75,Performance,,,,,,,,,,,,,,,,,,,,,,,,,,,,,,,,,,,,,,,,true,,,,,,,,,,,,,,,,,,,,,,,,,,,,,,,,,,,,,,,,,,,,,,,,,,,,,,,,,,,,,,,,,
76,Retrieve,"//Local Repository/data/Titanic+Data",,,,,,,,,,,,,,,,,,,,,,,,,,,,,,,,,,,,,,,,,,,,,,,,,,,,,,,,,,,,,,,,,,,,,,,,,,,,,,,,,,,,,,,,,,,,,,,,,,,,,,,,
76,"Data Preparation",,,,,,,,,,,,,,,,,,,,,,,,,,,,,,,,,,,,,,,,,,,,,,,,,,,,,,,,,,,,,,,,,,,,,,,,,,,,,,,,,,,,,,,,,,,,,,,,,,,,,,,,,
76,"Select Attributes",,subset,,"Age|Survived|Sex|Port of Embarkation|Passenger Far",false,attribute_value,false,time,attribute_block,false,value_matrix_row_start,false,false,,,,,,,,,,,,,,,,,,,,,,,,,,,,,,,,,,,,,,,,,,,,,,,,,,,,,,,,,,,,,,,,,,,,,,,,,,,,,,,,,,,,,,,,,,,,
76,"Set Role",,,,,,,,,,,,,,Name,id,,,,,,,,,,,,,,,,,,,,,,,,,,,,,,,,,,,,,,,,,,,,,,,,,,,,,,,,,,,,,,,,,,,,,,,,,,,,,,,,,,,,,,,,,,
76,"Replace Missing Values",,single,Age,,false,attribute_value,false,time,attribute_block,false,value_matrix_row_start,false,false,,,false,false,average,,,,,,,,,,,,,,,,,,,,,,,,,,,,,,,,,,,,,,,,,,,,,,,,,,,,,,,,,,,,,,,,,,,,,,,,,,,,,,,,,,,,,,,
76,"Filter Examples",,,,,,,,,,,,,,,,,,,,custom_filters,false,true,true,,,,,,,,,,,,,,,,,,,,,,,,,,,,,,,,,,,,,,,,,,,,,,,,,,,,,,,,,,,,,,,,,,,,,,,,,,,,,,,,,,
76,"Cross Validation",,,,,,,,,,,,,,,,,,,,,,,,false,false,10,automatic,false,1992,true,,,,,,,,,,,,,,,,,,,,,,,,,,,,,,,,,,,,,,,,,,,,,,,,,,,,,,,,,,,,,,,,,,,,,,,,,,,
76,"Logistic Regression",,,,,,,,,,,,,,,,,,,,,,,,,,,,,,,,,,,,,,,,,,,,,,,0,,,,,,,AUTO,false,4,false,false,0,0.0,true,3,0.001,true,false,true,true,true,MeanImputation,0,,,,,,,,,,,,,,,,,,,,,,,,,,,,,,,,,,,
76,"Apply Model",,,,,,,,,,,,,,,,,false,,,,,,,,,,,,,,,,,,,,,,,,,,,,,,,,,,,,,,,,,,,,,,,,,,,,,,,,,,,,,,,,,,,,,,,,,,,,,,,,,,,,,,,,
76,Performance,,,,,,,,,,,,,,,,,,,,,,,,,,,,,,,,,,,,,,,,true,,,,,,,,,,,,,,,,,,,,,,,,,,,,,,,,,,,,,,,,,,,,,,,,,,,,,,,,,,,,,,,,,
77,Retrieve,"//Local Repository/data/Titanic+Data",,,,,,,,,,,,,,,,,,,,,,,,,,,,,,,,,,,,,,,,,,,,,,,,,,,,,,,,,,,,,,,,,,,,,,,,,,,,,,,,,,,,,,,,,,,,,,,,,,,,,,,,
77,"Data Preparation",,,,,,,,,,,,,,,,,,,,,,,,,,,,,,,,,,,,,,,,,,,,,,,,,,,,,,,,,,,,,,,,,,,,,,,,,,,,,,,,,,,,,,,,,,,,,,,,,,,,,,,,,
77,"Select Attributes",,subset,,"Age|Survived|Sex|Port of Embarkation|Passenger Far",false,attribute_value,false,time,attribute_block,false,value_matrix_row_start,false,false,,,,,,,,,,,,,,,,,,,,,,,,,,,,,,,,,,,,,,,,,,,,,,,,,,,,,,,,,,,,,,,,,,,,,,,,,,,,,,,,,,,,,,,,,,,,
77,"Set Role",,,,,,,,,,,,,,Name,id,,,,,,,,,,,,,,,,,,,,,,,,,,,,,,,,,,,,,,,,,,,,,,,,,,,,,,,,,,,,,,,,,,,,,,,,,,,,,,,,,,,,,,,,,,
77,"Replace Missing Values",,single,Age,,false,attribute_value,false,time,attribute_block,false,value_matrix_row_start,false,false,,,false,false,average,,,,,,,,,,,,,,,,,,,,,,,,,,,,,,,,,,,,,,,,,,,,,,,,,,,,,,,,,,,,,,,,,,,,,,,,,,,,,,,,,,,,,,,
77,"Filter Examples",,,,,,,,,,,,,,,,,,,,custom_filters,false,true,true,,,,,,,,,,,,,,,,,,,,,,,,,,,,,,,,,,,,,,,,,,,,,,,,,,,,,,,,,,,,,,,,,,,,,,,,,,,,,,,,,,
77,"Nominal to Numerical",,all,,,false,nominal,false,file_path,single_value,false,single_value,false,false,,,false,false,,,,,,,,,,,,,,,,,,,,,,,,"dummy coding",false,"all 0 and warning",false,,,,,,,,,,,,,,,,,,,,,,,,,,,,,,,,,,,,,,,,,,,,,,,,,,,,,,,,,,,,,
77,"Cross Validation",,,,,,,,,,,,,,,,,,,,,,,,false,false,10,automatic,false,1992,true,,,,,,,,,,,,,,,,,,,,,,,,,,,,,,,,,,,,,,,,,,,,,,,,,,,,,,,,,,,,,,,,,,,,,,,,,,,
77,"Neural Net",,,,,,,,,,,,,,,,,,,,,,,,,,,,false,1992,,,,,,,,,,,,,,,,,,,,,,,,,,,,,,,,,,,,,,,,,,500,0.3,0.2,false,true,true,1.0E-5,,,,,,,,,,,,,,,,,,,,,,,,,,,,
77,"Apply Model",,,,,,,,,,,,,,,,,false,,,,,,,,,,,,,,,,,,,,,,,,,,,,,,,,,,,,,,,,,,,,,,,,,,,,,,,,,,,,,,,,,,,,,,,,,,,,,,,,,,,,,,,,
77,Performance,,,,,,,,,,,,,,,,,,,,,,,,,,,,,,,,,,,,,,,,true,,,,,,,,,,,,,,,,,,,,,,,,,,,,,,,,,,,,,,,,,,,,,,,,,,,,,,,,,,,,,,,,,
